n,factor_pair_count,collision,collision_group_count
12,2,False,0
16,2,False,0
18,2,False,0
20,2,True,1
24,3,True,1
28,2,False,0
30,3,False,0
32,2,False,0
36,4,False,0
40,3,False,0
42,3,False,0
44,2,False,0
45,2,False,0
48,4,False,0
50,2,False,0
52,2,False,0
54,3,False,0
56,3,False,0
60,5,False,0
63,2,False,0
64,3,False,0
66,3,False,0
68,2,False,0
70,3,False,0
72,5,False,0
75,2,False,0
76,2,False,0
78,3,False,0
80,4,False,0
81,2,False,0
84,5,False,0
88,3,False,0
90,5,False,0
92,2,False,0
96,5,False,0
98,2,False,0
99,2,False,0
100,4,False,0
102,3,False,0
104,3,False,0
105,3,False,0
108,5,False,0
110,3,False,0
112,4,False,0
114,3,False,0
116,2,False,0
117,2,False,0
120,7,False,0
124,2,False,0
126,5,False,0
128,3,False,0
130,3,False,0
132,5,False,0
135,3,False,0
136,3,False,0
138,3,False,0
140,5,False,0
144,7,False,0
147,2,False,0
148,2,False,0
150,5,False,0
152,3,False,0
153,2,False,0
154,3,False,0
156,5,False,0
160,5,False,0
162,4,False,0
164,2,False,0
165,3,False,0
168,7,False,0
170,3,False,0
171,2,False,0
172,2,False,0
174,3,False,0
175,2,False,0
176,4,False,0
180,8,False,0
182,3,False,0
184,3,False,0
186,3,False,0
188,2,False,0
189,3,False,0
190,3,False,0
192,6,False,0
195,3,False,0
196,4,False,0
198,5,False,0
200,5,False,0
204,5,False,0
207,2,False,0
208,4,False,0
210,7,False,0
212,2,False,0
216,7,False,0
220,5,False,0
222,3,False,0
224,5,False,0
225,4,False,0
228,5,False,0
230,3,False,0
231,3,False,0
232,3,False,0
234,5,False,0
236,2,False,0
238,3,False,0
240,9,False,0
242,2,False,0
243,2,False,0
244,2,False,0
245,2,False,0
246,3,False,0
248,3,False,0
250,3,False,0
252,8,False,0
255,3,False,0
256,4,False,0
258,3,False,0
260,5,False,0
261,2,False,0
264,7,False,0
266,3,False,0
268,2,False,0
270,7,False,0
272,4,False,0
273,3,False,0
275,2,False,0
276,5,False,0
279,2,False,0
280,7,False,0
282,3,False,0
284,2,False,0
285,3,False,0
286,3,False,0
288,8,False,0
290,3,False,0
292,2,False,0
294,5,False,0
296,3,False,0
297,3,False,0
300,8,False,0
304,4,False,0
306,5,False,0
308,5,False,0
310,3,False,0
312,7,False,0
315,5,False,0
316,2,False,0
318,3,False,0
320,6,False,0
322,3,False,0
324,7,False,0
325,2,False,0
328,3,False,0
330,7,False,0
332,2,False,0
333,2,False,0
336,9,False,0
338,2,False,0
340,5,False,0
342,5,False,0
344,3,False,0
345,3,False,0
348,5,False,0
350,5,False,0
351,3,False,0
352,5,False,0
354,3,False,0
356,2,False,0
357,3,False,0
360,11,False,0
363,2,False,0
364,5,False,0
366,3,False,0
368,4,False,0
369,2,False,0
370,3,False,0
372,5,False,0
374,3,False,0
375,3,False,0
376,3,False,0
378,7,False,0
380,5,False,0
384,7,False,0
385,3,False,0
387,2,False,0
388,2,False,0
390,7,False,0
392,5,False,0
396,8,False,0
399,3,False,0
400,7,False,0
402,3,False,0
404,2,False,0
405,4,False,0
406,3,False,0
408,7,False,0
410,3,False,0
412,2,False,0
414,5,False,0
416,5,False,0
418,3,False,0
420,11,False,0
423,2,False,0
424,3,False,0
425,2,False,0
426,3,False,0
428,2,False,0
429,3,False,0
430,3,False,0
432,9,False,0
434,3,False,0
435,3,False,0
436,2,False,0
438,3,False,0
440,7,False,0
441,4,False,0
442,3,False,0
444,5,False,0
448,6,False,0
450,8,False,0
452,2,False,0
455,3,False,0
456,7,False,0
459,3,False,0
460,5,False,0
462,7,False,0
464,4,False,0
465,3,False,0
468,8,False,0
470,3,False,0
472,3,False,0
474,3,False,0
475,2,False,0
476,5,False,0
477,2,False,0
480,11,False,0
483,3,False,0
484,4,False,0
486,5,False,0
488,3,False,0
490,5,False,0
492,5,False,0
494,3,False,0
495,5,False,0
496,4,False,0
498,3,False,0
500,5,False,0
504,11,False,0
506,3,False,0
507,2,False,0
508,2,False,0
510,7,False,0
512,4,False,0
513,3,False,0
516,5,False,0
518,3,False,0
520,7,False,0
522,5,False,0
524,2,False,0
525,5,False,0
528,9,False,0
530,3,False,0
531,2,False,0
532,5,False,0
534,3,False,0
536,3,False,0
539,2,False,0
540,11,False,0
544,5,False,0
546,7,False,0
548,2,False,0
549,2,False,0
550,5,False,0
552,7,False,0
555,3,False,0
556,2,False,0
558,5,False,0
560,9,False,0
561,3,False,0
564,5,False,0
567,4,False,0
568,3,False,0
570,7,False,0
572,5,False,0
574,3,False,0
575,2,False,0
576,10,False,0
578,2,False,0
580,5,False,0
582,3,False,0
584,3,False,0
585,5,False,0
588,8,False,0
590,3,False,0
592,4,False,0
594,7,False,0
595,3,False,0
596,2,False,0
598,3,False,0
600,11,False,0
602,3,False,0
603,2,False,0
604,2,False,0
605,2,False,0
606,3,False,0
608,5,False,0
609,3,False,0
610,3,False,0
612,8,False,0
615,3,False,0
616,7,False,0
618,3,False,0
620,5,False,0
621,3,False,0
624,9,False,0
625,2,False,0
627,3,False,0
628,2,False,0
630,11,False,0
632,3,False,0
636,5,False,0
637,2,False,0
638,3,False,0
639,2,False,0
640,7,False,0
642,3,False,0
644,5,False,0
645,3,False,0
646,3,False,0
648,9,False,0
650,5,False,0
651,3,False,0
652,2,False,0
654,3,False,0
656,4,False,0
657,2,False,0
658,3,False,0
660,11,False,0
663,3,False,0
664,3,False,0
665,3,False,0
666,5,False,0
668,2,False,0
670,3,False,0
672,11,False,0
675,5,False,0
676,4,False,0
678,3,False,0
680,7,False,0
682,3,False,0
684,8,False,0
686,3,False,0
688,4,False,0
690,7,False,0
692,2,False,0
693,5,False,0
696,7,False,0
700,8,False,0
702,7,False,0
704,6,False,0
705,3,False,0
708,5,False,0
710,3,False,0
711,2,False,0
712,3,False,0
714,7,False,0
715,3,False,0
716,2,False,0
720,14,False,0
722,2,False,0
724,2,False,0
725,2,False,0
726,5,False,0
728,7,False,0
729,3,False,0
730,3,False,0
732,5,False,0
735,5,False,0
736,5,False,0
738,5,False,0
740,5,False,0
741,3,False,0
742,3,False,0
744,7,False,0
747,2,False,0
748,5,False,0
750,7,False,0
752,4,False,0
754,3,False,0
756,11,False,0
759,3,False,0
760,7,False,0
762,3,False,0
764,2,False,0
765,5,False,0
768,8,False,0
770,7,False,0
772,2,False,0
774,5,False,0
775,2,False,0
776,3,False,0
777,3,False,0
780,11,False,0
782,3,False,0
783,3,False,0
784,7,False,0
786,3,False,0
788,2,False,0
790,3,False,0
792,11,False,0
795,3,False,0
796,2,False,0
798,7,False,0
800,8,False,0
801,2,False,0
804,5,False,0
805,3,False,0
806,3,False,0
808,3,False,0
810,9,False,0
812,5,False,0
814,3,False,0
816,9,False,0
819,5,False,0
820,5,False,0
822,3,False,0
824,3,False,0
825,5,False,0
826,3,False,0
828,8,False,0
830,3,False,0
832,6,False,0
833,2,False,0
834,3,False,0
836,5,False,0
837,3,False,0
840,15,False,0
844,2,False,0
845,2,False,0
846,5,False,0
847,2,False,0
848,4,False,0
850,5,False,0
852,5,False,0
854,3,False,0
855,5,False,0
856,3,False,0
858,7,False,0
860,5,False,0
861,3,False,0
864,11,False,0
867,2,False,0
868,5,False,0
870,7,False,0
872,3,False,0
873,2,False,0
874,3,False,0
875,3,False,0
876,5,False,0
880,9,False,0
882,8,False,0
884,5,False,0
885,3,False,0
888,7,False,0
890,3,False,0
891,4,False,0
892,2,False,0
894,3,False,0
896,7,False,0
897,3,False,0
900,13,False,0
902,3,False,0
903,3,False,0
904,3,False,0
906,3,False,0
908,2,False,0
909,2,False,0
910,7,False,0
912,9,False,0
915,3,False,0
916,2,False,0
918,7,False,0
920,7,False,0
924,11,False,0
925,2,False,0
927,2,False,0
928,5,False,0
930,7,False,0
931,2,False,0
932,2,False,0
935,3,False,0
936,11,False,0
938,3,False,0
940,5,False,0
942,3,False,0
944,4,False,0
945,7,False,0
946,3,False,0
948,5,False,0
950,5,False,0
952,7,False,0
954,5,False,0
956,2,False,0
957,3,False,0
960,13,False,0
962,3,False,0
963,2,False,0
964,2,False,0
966,7,False,0
968,5,False,0
969,3,False,0
970,3,False,0
972,8,False,0
975,5,False,0
976,4,False,0
978,3,False,0
980,8,False,0
981,2,False,0
984,7,False,0
986,3,False,0
987,3,False,0
988,5,False,0
990,11,False,0
992,5,False,0
994,3,False,0
996,5,False,0
999,3,False,0
1000,7,False,0
1001,3,False,0
1002,3,False,0
1004,2,False,0
1005,3,False,0
1008,14,False,0
1010,3,False,0
1012,5,False,0
1014,5,False,0
1015,3,False,0
1016,3,False,0
1017,2,False,0
1020,11,False,0
1022,3,False,0
1023,3,False,0
1024,5,False,0
1025,2,False,0
1026,7,False,0
1028,2,False,0
1029,3,False,0
1030,3,False,0
1032,7,False,0
1034,3,False,0
1035,5,False,0
1036,5,False,0
1038,3,False,0
1040,9,False,0
1044,8,False,0
1045,3,False,0
1048,3,False,0
1050,11,False,0
1052,2,False,0
1053,4,False,0
1054,3,False,0
1056,11,False,0
1058,2,False,0
1060,5,False,0
1062,5,False,0
1064,7,False,0
1065,3,False,0
1066,3,False,0
1068,5,False,0
1070,3,False,0
1071,5,False,0
1072,4,False,0
1074,3,False,0
1075,2,False,0
1076,2,False,0
1078,5,False,0
1080,15,False,0
1083,2,False,0
1084,2,False,0
1085,3,False,0
1086,3,False,0
1088,6,False,0
1089,4,False,0
1090,3,False,0
1092,11,False,0
1095,3,False,0
1096,3,False,0
1098,5,False,0
1100,8,False,0
1102,3,False,0
1104,9,False,0
1105,3,False,0
1106,3,False,0
1107,3,False,0
1108,2,False,0
1110,7,False,0
1112,3,False,0
1113,3,False,0
1116,8,False,0
1118,3,False,0
1120,11,False,0
1122,7,False,0
1124,2,False,0
1125,5,False,0
1127,2,False,0
1128,7,False,0
1130,3,False,0
1131,3,False,0
1132,2,False,0
1134,9,False,0
1136,4,False,0
1140,11,False,0
1143,2,False,0
1144,7,False,0
1146,3,False,0
1148,5,False,0
1150,5,False,0
1152,11,False,0
1155,7,False,0
1156,4,False,0
1158,3,False,0
1160,7,False,0
1161,3,False,0
1162,3,False,0
1164,5,False,0
1166,3,False,0
1168,4,False,0
1170,11,False,0
1172,2,False,0
1173,3,False,0
1175,2,False,0
1176,11,False,0
1178,3,False,0
1179,2,False,0
1180,5,False,0
1182,3,False,0
1183,2,False,0
1184,5,False,0
1185,3,False,0
1188,11,False,0
1190,7,False,0
1192,3,False,0
1194,3,False,0
1196,5,False,0
1197,5,False,0
1200,14,False,0
1204,5,False,0
1206,5,False,0
1208,3,False,0
1209,3,False,0
1210,5,False,0
1212,5,False,0
1215,5,False,0
1216,6,False,0
1218,7,False,0
1220,5,False,0
1221,3,False,0
1222,3,False,0
1224,11,False,0
1225,4,False,0
1228,2,False,0
1230,7,False,0
1232,9,False,0
1233,2,False,0
1235,3,False,0
1236,5,False,0
1239,3,False,0
1240,7,False,0
1242,7,False,0
1244,2,False,0
1245,3,False,0
1246,3,False,0
1248,11,False,0
1250,4,False,0
1251,2,False,0
1252,2,False,0
1254,7,False,0
1256,3,False,0
1258,3,False,0
1260,17,False,0
1264,4,False,0
1265,3,False,0
1266,3,False,0
1268,2,False,0
1269,3,False,0
1270,3,False,0
1272,7,False,0
1274,5,False,0
1275,5,False,0
1276,5,False,0
1278,5,False,0
1280,8,False,0
1281,3,False,0
1284,5,False,0
1287,5,False,0
1288,7,False,0
1290,7,False,0
1292,5,False,0
1295,3,False,0
1296,12,False,0
1298,3,False,0
1300,8,False,0
1302,7,False,0
1304,3,False,0
1305,5,False,0
1308,5,False,0
1309,3,False,0
1310,3,False,0
1311,3,False,0
1312,5,False,0
1314,5,False,0
1316,5,False,0
1320,15,False,0
1323,5,False,0
1324,2,False,0
1325,2,False,0
1326,7,False,0
1328,4,False,0
1330,7,False,0
1332,8,False,0
1334,3,False,0
1335,3,False,0
1336,3,False,0
1338,3,False,0
1340,5,False,0
1341,2,False,0
1342,3,False,0
1344,13,False,0
1348,2,False,0
1350,11,False,0
1352,5,False,0
1353,3,False,0
1356,5,False,0
1358,3,False,0
1359,2,False,0
1360,9,False,0
1362,3,False,0
1364,5,False,0
1365,7,False,0
1368,11,False,0
1370,3,False,0
1372,5,False,0
1374,3,False,0
1375,3,False,0
1376,5,False,0
1377,4,False,0
1378,3,False,0
1380,11,False,0
1384,3,False,0
1386,11,False,0
1388,2,False,0
1390,3,False,0
1392,9,False,0
1394,3,False,0
1395,5,False,0
1396,2,False,0
1398,3,False,0
1400,11,False,0
1404,11,False,0
1406,3,False,0
1407,3,False,0
1408,7,False,0
1410,7,False,0
1412,2,False,0
1413,2,False,0
1414,3,False,0
1416,7,False,0
1419,3,False,0
1420,5,False,0
1421,2,False,0
1422,5,False,0
1424,4,False,0
1425,5,False,0
1426,3,False,0
1428,11,False,0
1430,7,False,0
1431,3,False,0
1432,3,False,0
1434,3,False,0
1435,3,False,0
1436,2,False,0
1440,17,False,0
1442,3,False,0
1443,3,False,0
1444,4,False,0
1445,2,False,0
1446,3,False,0
1448,3,False,0
1449,5,False,0
1450,5,False,0
1452,8,False,0
1455,3,False,0
1456,9,False,0
1458,6,False,0
1460,5,False,0
1462,3,False,0
1463,3,False,0
1464,7,False,0
1467,2,False,0
1468,2,False,0
1470,11,False,0
1472,6,False,0
1474,3,False,0
1475,2,False,0
1476,8,False,0
1479,3,False,0
1480,7,False,0
1482,7,False,0
1484,5,False,0
1485,7,False,0
1488,9,False,0
1490,3,False,0
1491,3,False,0
1492,2,False,0
1494,5,False,0
1495,3,False,0
1496,7,False,0
1498,3,False,0
1500,11,False,0
1503,2,False,0
1504,5,False,0
1505,3,False,0
1506,3,False,0
1508,5,False,0
1510,3,False,0
1512,15,False,0
1515,3,False,0
1516,2,False,0
1518,7,False,0
1519,2,False,0
1520,9,False,0
1521,4,False,0
1524,5,False,0
1525,2,False,0
1526,3,False,0
1528,3,False,0
1530,11,False,0
1532,2,False,0
1533,3,False,0
1534,3,False,0
1536,9,False,0
1539,4,False,0
1540,11,False,0
1542,3,False,0
1544,3,False,0
1545,3,False,0
1547,3,False,0
1548,8,False,0
1550,5,False,0
1551,3,False,0
1552,4,False,0
1554,7,False,0
1556,2,False,0
1557,2,False,0
1558,3,False,0
1560,15,False,0
1562,3,False,0
1564,5,False,0
1566,7,False,0
1568,8,False,0
1570,3,False,0
1572,5,False,0
1573,2,False,0
1575,8,False,0
1576,3,False,0
1578,3,False,0
1580,5,False,0
1581,3,False,0
1582,3,False,0
1584,14,False,0
1586,3,False,0
1587,2,False,0
1588,2,False,0
1590,7,False,0
1592,3,False,0
1593,3,False,0
1595,3,False,0
1596,11,False,0
1598,3,False,0
1599,3,False,0
1600,10,False,0
1602,5,False,0
1604,2,False,0
1605,3,False,0
1606,3,False,0
1608,7,False,0
1610,7,False,0
1611,2,False,0
1612,5,False,0
1614,3,False,0
1615,3,False,0
1616,4,False,0
1617,5,False,0
1620,14,False,0
1624,7,False,0
1625,3,False,0
1626,3,False,0
1628,5,False,0
1629,2,False,0
1630,3,False,0
1632,11,False,0
1634,3,False,0
1635,3,False,0
1636,2,False,0
1638,11,False,0
1640,7,False,0
1644,5,False,0
1645,3,False,0
1647,3,False,0
1648,4,False,0
1650,11,False,0
1652,5,False,0
1653,3,False,0
1656,11,False,0
1659,3,False,0
1660,5,False,0
1662,3,False,0
1664,7,False,0
1665,5,False,0
1666,5,False,0
1668,5,False,0
1670,3,False,0
1672,7,False,0
1674,7,False,0
1675,2,False,0
1676,2,False,0
1677,3,False,0
1680,19,False,0
1682,2,False,0
1683,5,False,0
1684,2,False,0
1686,3,False,0
1688,3,False,0
1690,5,False,0
1692,8,False,0
1694,5,False,0
1695,3,False,0
1696,5,False,0
1698,3,False,0
1700,8,False,0
1701,5,False,0
1702,3,False,0
1704,7,False,0
1705,3,False,0
1708,5,False,0
1710,11,False,0
1712,4,False,0
1715,3,False,0
1716,11,False,0
1719,2,False,0
1720,7,False,0
1722,7,False,0
1724,2,False,0
1725,5,False,0
1728,13,False,0
1729,3,False,0
1730,3,False,0
1732,2,False,0
1734,5,False,0
1736,7,False,0
1737,2,False,0
1738,3,False,0
1740,11,False,0
1742,3,False,0
1743,3,False,0
1744,4,False,0
1746,5,False,0
1748,5,False,0
1749,3,False,0
1750,7,False,0
1752,7,False,0
1755,7,False,0
1756,2,False,0
1758,3,False,0
1760,11,False,0
1764,13,False,0
1767,3,False,0
1768,7,False,0
1770,7,False,0
1771,3,False,0
1772,2,False,0
1773,2,False,0
1775,2,False,0
1776,9,False,0
1778,3,False,0
1780,5,False,0
1782,9,False,0
1784,3,False,0
1785,7,False,0
1786,3,False,0
1788,5,False,0
1790,3,False,0
1791,2,False,0
1792,8,False,0
1794,7,False,0
1796,2,False,0
1798,3,False,0
1800,17,False,0
1802,3,False,0
1804,5,False,0
1805,2,False,0
1806,7,False,0
1808,4,False,0
1809,3,False,0
1810,3,False,0
1812,5,False,0
1813,2,False,0
1815,5,False,0
1816,3,False,0
1818,5,False,0
1820,11,False,0
1824,11,False,0
1825,2,False,0
1826,3,False,0
1827,5,False,0
1828,2,False,0
1830,7,False,0
1832,3,False,0
1833,3,False,0
1834,3,False,0
1836,11,False,0
1840,9,False,0
1842,3,False,0
1844,2,False,0
1845,5,False,0
1846,3,False,0
1848,15,False,0
1850,5,False,0
1852,2,False,0
1854,5,False,0
1855,3,False,0
1856,6,False,0
1859,2,False,0
1860,11,False,0
1862,5,False,0
1863,4,False,0
1864,3,False,0
1866,3,False,0
1868,2,False,0
1869,3,False,0
1870,7,False,0
1872,14,False,0
1875,4,False,0
1876,5,False,0
1878,3,False,0
1880,7,False,0
1881,5,False,0
1884,5,False,0
1885,3,False,0
1886,3,False,0
1887,3,False,0
1888,5,False,0
1890,15,False,0
1892,5,False,0
1896,7,False,0
1898,3,False,0
1899,2,False,0
1900,8,False,0
1902,3,False,0
1904,9,False,0
1905,3,False,0
1908,8,False,0
1910,3,False,0
1911,5,False,0
1912,3,False,0
1914,7,False,0
1916,2,False,0
1917,3,False,0
1918,3,False,0
1920,15,False,0
1922,2,False,0
1924,5,False,0
1925,5,False,0
1926,5,False,0
1928,3,False,0
1930,3,False,0
1932,11,False,0
1935,5,False,0
1936,7,False,0
1938,7,False,0
1940,5,False,0
1944,11,False,0
1946,3,False,0
1947,3,False,0
1948,2,False,0
1950,11,False,0
1952,5,False,0
1953,5,False,0
1955,3,False,0
1956,5,False,0
1958,3,False,0
1960,11,False,0
1962,5,False,0
1964,2,False,0
1965,3,False,0
1968,9,False,0
1970,3,False,0
1971,3,False,0
1972,5,False,0
1974,7,False,0
1975,2,False,0
1976,7,False,0
1978,3,False,0
1980,17,False,0
1984,6,False,0
1986,3,False,0
1988,5,False,0
1989,5,False,0
1990,3,False,0
1992,7,False,0
1995,7,False,0
1996,2,False,0
1998,7,False,0
2000,9,False,0
2001,3,False,0
2002,7,False,0
2004,5,False,0
2006,3,False,0
2007,2,False,0
2008,3,False,0
2009,2,False,0
2010,7,False,0
2012,2,False,0
2013,3,False,0
2014,3,False,0
2015,3,False,0
2016,17,False,0
2020,5,False,0
2022,3,False,0
2023,2,False,0
2024,7,False,0
2025,7,False,0
2028,8,False,0
2030,7,False,0
2032,4,False,0
2034,5,False,0
2035,3,False,0
2036,2,False,0
2037,3,False,0
2040,15,False,0
2043,2,False,0
2044,5,False,0
2046,7,False,0
2048,5,False,0
2050,5,False,0
2052,11,False,0
2054,3,False,0
2055,3,False,0
2056,3,False,0
2057,2,False,0
2058,7,False,0
2060,5,False,0
2061,2,False,0
2064,9,False,0
2065,3,False,0
2067,3,False,0
2068,5,False,0
2070,11,False,0
2072,7,False,0
2074,3,False,0
2075,2,False,0
2076,5,False,0
2079,7,False,0
2080,11,False,0
2082,3,False,0
2084,2,False,0
2085,3,False,0
2086,3,False,0
2088,11,False,0
2090,7,False,0
2091,3,False,0
2092,2,False,0
2093,3,False,0
2094,3,False,0
2096,4,False,0
2097,2,False,0
2100,17,False,0
2104,3,False,0
2106,9,False,0
2107,2,False,0
2108,5,False,0
2109,3,False,0
2110,3,False,0
2112,13,False,0
2114,3,False,0
2115,5,False,0
2116,4,False,0
2118,3,False,0
2120,7,False,0
2121,3,False,0
2124,8,False,0
2125,3,False,0
2128,9,False,0
2130,7,False,0
2132,5,False,0
2133,3,False,0
2134,3,False,0
2135,3,False,0
2136,7,False,0
2139,3,False,0
2140,5,False,0
2142,11,False,0
2144,5,False,0
2145,7,False,0
2146,3,False,0
2148,5,False,0
2150,5,False,0
2151,2,False,0
2152,3,False,0
2154,3,False,0
2156,8,False,0
2158,3,False,0
2160,19,False,0
2162,3,False,0
2163,3,False,0
2164,2,False,0
2166,5,False,0
2168,3,False,0
2169,2,False,0
2170,7,False,0
2172,5,False,0
2175,5,False,0
2176,7,False,0
2178,8,False,0
2180,5,False,0
2184,15,False,0
2185,3,False,0
2187,3,False,0
2188,2,False,0
2190,7,False,0
2192,4,False,0
2193,3,False,0
2196,8,False,0
2198,3,False,0
2200,11,False,0
2202,3,False,0
2204,5,False,0
2205,8,False,0
2208,11,False,0
2210,7,False,0
2211,3,False,0
2212,5,False,0
2214,7,False,0
2216,3,False,0
2220,11,False,0
2222,3,False,0
2223,5,False,0
2224,4,False,0
2225,2,False,0
2226,7,False,0
2228,2,False,0
2230,3,False,0
2232,11,False,0
2233,3,False,0
2235,3,False,0
2236,5,False,0
2238,3,False,0
2240,13,False,0
2241,3,False,0
2242,3,False,0
2244,11,False,0
2247,3,False,0
2248,3,False,0
2250,11,False,0
2252,2,False,0
2254,5,False,0
2255,3,False,0
2256,9,False,0
2259,2,False,0
2260,5,False,0
2261,3,False,0
2262,7,False,0
2264,3,False,0
2265,3,False,0
2266,3,False,0
2268,14,False,0
2270,3,False,0
2272,5,False,0
2274,3,False,0
2275,5,False,0
2276,2,False,0
2277,5,False,0
2278,3,False,0
2280,15,False,0
2282,3,False,0
2284,2,False,0
2286,5,False,0
2288,9,False,0
2289,3,False,0
2290,3,False,0
2292,5,False,0
2294,3,False,0
2295,7,False,0
2296,7,False,0
2298,3,False,0
2299,2,False,0
2300,8,False,0
2301,3,False,0
2303,2,False,0
2304,13,False,0
2308,2,False,0
2310,15,False,0
2312,5,False,0
2313,2,False,0
2314,3,False,0
2316,5,False,0
2318,3,False,0
2320,9,False,0
2322,7,False,0
2324,5,False,0
2325,5,False,0
2328,7,False,0
2330,3,False,0
2331,5,False,0
2332,5,False,0
2334,3,False,0
2336,5,False,0
2337,3,False,0
2338,3,False,0
2340,17,False,0
2343,3,False,0
2344,3,False,0
2345,3,False,0
2346,7,False,0
2348,2,False,0
2349,4,False,0
2350,5,False,0
2352,14,False,0
2354,3,False,0
2355,3,False,0
2356,5,False,0
2358,5,False,0
2360,7,False,0
2364,5,False,0
2365,3,False,0
2366,5,False,0
2367,2,False,0
2368,6,False,0
2370,7,False,0
2372,2,False,0
2373,3,False,0
2375,3,False,0
2376,15,False,0
2378,3,False,0
2379,3,False,0
2380,11,False,0
2382,3,False,0
2384,4,False,0
2385,5,False,0
2387,3,False,0
2388,5,False,0
2390,3,False,0
2392,7,False,0
2394,11,False,0
2396,2,False,0
2397,3,False,0
2398,3,False,0
2400,17,False,0
2401,2,False,0
2403,3,False,0
2404,2,False,0
2405,3,False,0
2406,3,False,0
2408,7,False,0
2409,3,False,0
2410,3,False,0
2412,8,False,0
2414,3,False,0
2415,7,False,0
2416,4,False,0
2418,7,False,0
2420,8,False,0
2421,2,False,0
2422,3,False,0
2424,7,False,0
2425,2,False,0
2428,2,False,0
2430,11,False,0
2431,3,False,0
2432,7,False,0
2436,11,False,0
2438,3,False,0
2439,2,False,0
2440,7,False,0
2442,7,False,0
2444,5,False,0
2445,3,False,0
2448,14,False,0
2450,8,False,0
2451,3,False,0
2452,2,False,0
2454,3,False,0
2456,3,False,0
2457,7,False,0
2460,11,False,0
2464,11,False,0
2465,3,False,0
2466,5,False,0
2468,2,False,0
2470,7,False,0
2472,7,False,0
2475,8,False,0
2476,2,False,0
2478,7,False,0
2480,9,False,0
2482,3,False,0
2484,11,False,0
2485,3,False,0
2486,3,False,0
2488,3,False,0
2490,7,False,0
2492,5,False,0
2493,2,False,0
2494,3,False,0
2496,13,False,0
2499,5,False,0
2500,7,False,0
2502,5,False,0
2504,3,False,0
2505,3,False,0
2506,3,False,0
2508,11,False,0
2510,3,False,0
2511,4,False,0
2512,4,False,0
2514,3,False,0
2516,5,False,0
2520,23,False,0
2522,3,False,0
2523,2,False,0
2524,2,False,0
2525,2,False,0
2526,3,False,0
2527,2,False,0
2528,5,False,0
2529,2,False,0
2530,7,False,0
2532,5,False,0
2534,3,False,0
2535,5,False,0
2536,3,False,0
2538,7,False,0
2540,5,False,0
2541,5,False,0
2542,3,False,0
2544,9,False,0
2546,3,False,0
2547,2,False,0
2548,8,False,0
2550,11,False,0
2552,7,False,0
2553,3,False,0
2555,3,False,0
2556,8,False,0
2560,9,False,0
2562,7,False,0
2564,2,False,0
2565,7,False,0
2568,7,False,0
2570,3,False,0
2572,2,False,0
2574,11,False,0
2575,2,False,0
2576,9,False,0
2580,11,False,0
2583,5,False,0
2584,7,False,0
2585,3,False,0
2586,3,False,0
2588,2,False,0
2590,7,False,0
2592,14,False,0
2595,3,False,0
2596,5,False,0
2597,2,False,0
2598,3,False,0
2600,11,False,0
2601,4,False,0
2604,11,False,0
2607,3,False,0
2608,4,False,0
2610,11,False,0
2612,2,False,0
2613,3,False,0
2616,7,False,0
2618,7,False,0
2619,3,False,0
2620,5,False,0
2622,7,False,0
2624,6,False,0
2625,7,False,0
2626,3,False,0
2628,8,False,0
2630,3,False,0
2632,7,False,0
2634,3,False,0
2635,3,False,0
2636,2,False,0
2637,2,False,0
2639,3,False,0
2640,19,False,0
2644,2,False,0
2645,2,False,0
2646,11,False,0
2648,3,False,0
2650,5,False,0
2652,11,False,0
2655,5,False,0
2656,5,False,0
2658,3,False,0
2660,11,False,0
2662,3,False,0
2664,11,False,0
2665,3,False,0
2666,3,False,0
2667,3,False,0
2668,5,False,0
2670,7,False,0
2672,4,False,0
2673,5,False,0
2674,3,False,0
2675,2,False,0
2676,5,False,0
2678,3,False,0
2679,3,False,0
2680,7,False,0
2682,5,False,0
2684,5,False,0
2685,3,False,0
2686,3,False,0
2688,15,False,0
2690,3,False,0
2691,5,False,0
2692,2,False,0
2694,3,False,0
2695,5,False,0
2696,3,False,0
2697,3,False,0
2698,3,False,0
2700,17,False,0
2702,3,False,0
2703,3,False,0
2704,7,False,0
2706,7,False,0
2708,2,False,0
2709,5,False,0
2710,3,False,0
2712,7,False,0
2714,3,False,0
2715,3,False,0
2716,5,False,0
2717,3,False,0
2718,5,False,0
2720,11,False,0
2724,5,False,0
2725,2,False,0
2726,3,False,0
2727,3,False,0
2728,7,False,0
2730,15,False,0
2732,2,False,0
2736,14,False,0
2737,3,False,0
2738,2,False,0
2739,3,False,0
2740,5,False,0
2742,3,False,0
2744,7,False,0
2745,5,False,0
2748,5,False,0
2750,7,False,0
2751,3,False,0
2752,6,False,0
2754,9,False,0
2755,3,False,0
2756,5,False,0
2758,3,False,0
2760,15,False,0
2763,2,False,0
2764,2,False,0
2765,3,False,0
2766,3,False,0
2768,4,False,0
2769,3,False,0
2770,3,False,0
2772,17,False,0
2774,3,False,0
2775,5,False,0
2776,3,False,0
2778,3,False,0
2780,5,False,0
2781,3,False,0
2782,3,False,0
2783,2,False,0
2784,11,False,0
2786,3,False,0
2788,5,False,0
2790,11,False,0
2792,3,False,0
2793,5,False,0
2794,3,False,0
2795,3,False,0
2796,5,False,0
2799,2,False,0
2800,14,False,0
2802,3,False,0
2804,2,False,0
2805,7,False,0
2806,3,False,0
2808,15,False,0
2810,3,False,0
2812,5,False,0
2814,7,False,0
2816,8,False,0
2817,2,False,0
2820,11,False,0
2821,3,False,0
2822,3,False,0
2824,3,False,0
2825,2,False,0
2826,5,False,0
2828,5,False,0
2829,3,False,0
2830,3,False,0
2832,9,False,0
2834,3,False,0
2835,9,False,0
2836,2,False,0
2838,7,False,0
2840,7,False,0
2842,5,False,0
2844,8,False,0
2847,3,False,0
2848,5,False,0
2849,3,False,0
2850,11,False,0
2852,5,False,0
2853,2,False,0
2856,15,False,0
2860,11,False,0
2862,7,False,0
2864,4,False,0
2865,3,False,0
2868,5,False,0
2870,7,False,0
2871,5,False,0
2872,3,False,0
2873,2,False,0
2874,3,False,0
2875,3,False,0
2876,2,False,0
2877,3,False,0
2880,20,False,0
2882,3,False,0
2883,2,False,0
2884,5,False,0
2886,7,False,0
2888,5,False,0
2889,3,False,0
2890,5,False,0
2891,2,False,0
2892,5,False,0
2895,3,False,0
2896,4,False,0
2898,11,False,0
2900,8,False,0
2904,11,False,0
2905,3,False,0
2907,5,False,0
2908,2,False,0
2910,7,False,0
2912,11,False,0
2914,3,False,0
2915,3,False,0
2916,10,False,0
2919,3,False,0
2920,7,False,0
2922,3,False,0
2924,5,False,0
2925,8,False,0
2926,7,False,0
2928,9,False,0
2930,3,False,0
2932,2,False,0
2934,5,False,0
2936,3,False,0
2937,3,False,0
2938,3,False,0
2940,17,False,0
2943,3,False,0
2944,7,False,0
2945,3,False,0
2946,3,False,0
2948,5,False,0
2950,5,False,0
2952,11,False,0
2954,3,False,0
2955,3,False,0
2956,2,False,0
2958,7,False,0
2960,9,False,0
2961,5,False,0
2964,11,False,0
2967,3,False,0
2968,7,False,0
2970,15,False,0
2972,2,False,0
2975,5,False,0
2976,11,False,0
2979,2,False,0
2980,5,False,0
2982,7,False,0
2984,3,False,0
2985,3,False,0
2988,8,False,0
2989,2,False,0
2990,7,False,0
2992,9,False,0
2994,3,False,0
2996,5,False,0
2997,4,False,0
3000,15,False,0
3002,3,False,0
3003,7,False,0
3004,2,False,0
3006,5,False,0
3008,6,False,0
3009,3,False,0
3010,7,False,0
3012,5,False,0
3014,3,False,0
3015,5,False,0
3016,7,False,0
3018,3,False,0
3020,5,False,0
3021,3,False,0
3024,19,False,0
3025,4,False,0
3026,3,False,0
3028,2,False,0
3030,7,False,0
3032,3,False,0
3033,2,False,0
3034,3,False,0
3036,11,False,0
3038,5,False,0
3040,11,False,0
3042,8,False,0
3044,2,False,0
3045,7,False,0
3048,7,False,0
3050,5,False,0
3051,3,False,0
3052,5,False,0
3054,3,False,0
3055,3,False,0
3056,4,False,0
3058,3,False,0
3059,3,False,0
3060,17,False,0
3064,3,False,0
3066,7,False,0
3068,5,False,0
3069,5,False,0
3070,3,False,0
3072,10,False,0
3074,3,False,0
3075,5,False,0
3076,2,False,0
3078,9,False,0
3080,15,False,0
3081,3,False,0
3082,3,False,0
3084,5,False,0
3087,5,False,0
3088,4,False,0
3090,7,False,0
3092,2,False,0
3094,7,False,0
3096,11,False,0
3100,8,False,0
3102,7,False,0
3104,5,False,0
3105,7,False,0
3108,11,False,0
3110,3,False,0
3111,3,False,0
3112,3,False,0
3114,5,False,0
3115,3,False,0
3116,5,False,0
3120,19,False,0
3122,3,False,0
3123,2,False,0
3124,5,False,0
3125,2,False,0
3126,3,False,0
3128,7,False,0
3129,3,False,0
3130,3,False,0
3132,11,False,0
3135,7,False,0
3136,10,False,0
3138,3,False,0
3140,5,False,0
3141,2,False,0
3144,7,False,0
3145,3,False,0
3146,5,False,0
3148,2,False,0
3150,17,False,0
3152,4,False,0
3154,3,False,0
3156,5,False,0
3157,3,False,0
3159,5,False,0
3160,7,False,0
3162,7,False,0
3164,5,False,0
3165,3,False,0
3168,17,False,0
3170,3,False,0
3171,3,False,0
3172,5,False,0
3174,5,False,0
3175,2,False,0
3176,3,False,0
3177,2,False,0
3178,3,False,0
3179,2,False,0
3180,11,False,0
3182,3,False,0
3184,4,False,0
3185,5,False,0
3186,7,False,0
3188,2,False,0
3190,7,False,0
3192,15,False,0
3195,5,False,0
3196,5,False,0
3198,7,False,0
3200,11,False,0
3201,3,False,0
3204,8,False,0
3206,3,False,0
3208,3,False,0
3210,7,False,0
3211,2,False,0
3212,5,False,0
3213,7,False,0
3216,9,False,0
3219,3,False,0
3220,11,False,0
3222,5,False,0
3224,7,False,0
3225,5,False,0
3228,5,False,0
3230,7,False,0
3231,2,False,0
3232,5,False,0
3234,11,False,0
3236,2,False,0
3237,3,False,0
3240,19,False,0
3243,3,False,0
3244,2,False,0
3245,3,False,0
3246,3,False,0
3248,9,False,0
3249,4,False,0
3250,7,False,0
3252,5,False,0
3255,7,False,0
3256,7,False,0
3258,5,False,0
3260,5,False,0
3262,3,False,0
3264,13,False,0
3266,3,False,0
3267,5,False,0
3268,5,False,0
3270,7,False,0
3272,3,False,0
3275,2,False,0
3276,17,False,0
3278,3,False,0
3280,9,False,0
3282,3,False,0
3283,2,False,0
3284,2,False,0
3285,5,False,0
3286,3,False,0
3288,7,False,0
3289,3,False,0
3290,7,False,0
3292,2,False,0
3294,7,False,0
3296,5,False,0
3297,3,False,0
3298,3,False,0
3300,17,False,0
3302,3,False,0
3303,2,False,0
3304,7,False,0
3306,7,False,0
3308,2,False,0
3310,3,False,0
3311,3,False,0
3312,14,False,0
3315,7,False,0
3316,2,False,0
3318,7,False,0
3320,7,False,0
3321,4,False,0
3322,3,False,0
3324,5,False,0
3325,5,False,0
3328,8,False,0
3330,11,False,0
3332,8,False,0
3333,3,False,0
3335,3,False,0
3336,7,False,0
3339,5,False,0
3340,5,False,0
3342,3,False,0
3344,9,False,0
3345,3,False,0
3346,3,False,0
3348,11,False,0
3350,5,False,0
3352,3,False,0
3354,7,False,0
3355,3,False,0
3356,2,False,0
3357,2,False,0
3358,3,False,0
3360,23,False,0
3362,2,False,0
3363,3,False,0
3364,4,False,0
3366,11,False,0
3367,3,False,0
3368,3,False,0
3370,3,False,0
3372,5,False,0
3374,3,False,0
3375,7,False,0
3376,4,False,0
3378,3,False,0
3380,8,False,0
3381,5,False,0
3382,3,False,0
3384,11,False,0
3388,8,False,0
3390,7,False,0
3392,6,False,0
3393,5,False,0
3395,3,False,0
3396,5,False,0
3399,3,False,0
3400,11,False,0
3402,11,False,0
3404,5,False,0
3405,3,False,0
3406,3,False,0
3408,9,False,0
3410,7,False,0
3411,2,False,0
3412,2,False,0
3414,3,False,0
3416,7,False,0
3417,3,False,0
3420,17,False,0
3422,3,False,0
3423,3,False,0
3424,5,False,0
3425,2,False,0
3426,3,False,0
3428,2,False,0
3429,3,False,0
3430,7,False,0
3432,15,False,0
3434,3,False,0
3435,3,False,0
3436,2,False,0
3438,5,False,0
3440,9,False,0
3441,3,False,0
3444,11,False,0
3445,3,False,0
3447,2,False,0
3448,3,False,0
3450,11,False,0
3451,3,False,0
3452,2,False,0
3454,3,False,0
3456,15,False,0
3458,7,False,0
3460,5,False,0
3462,3,False,0
3464,3,False,0
3465,11,False,0
3468,8,False,0
3470,3,False,0
3471,3,False,0
3472,9,False,0
3474,5,False,0
3475,2,False,0
3476,5,False,0
3477,3,False,0
3478,3,False,0
3479,2,False,0
3480,15,False,0
3483,4,False,0
3484,5,False,0
3485,3,False,0
3486,7,False,0
3488,5,False,0
3490,3,False,0
3492,8,False,0
3495,3,False,0
3496,7,False,0
3498,7,False,0
3500,11,False,0
3501,2,False,0
3502,3,False,0
3504,9,False,0
3507,3,False,0
3508,2,False,0
3509,2,False,0
3510,15,False,0
3512,3,False,0
3514,3,False,0
3515,3,False,0
3516,5,False,0
3519,5,False,0
3520,13,False,0
3522,3,False,0
3524,2,False,0
3525,5,False,0
3526,3,False,0
3528,17,False,0
3530,3,False,0
3531,3,False,0
3532,2,False,0
3534,7,False,0
3535,3,False,0
3536,9,False,0
3537,3,False,0
3538,3,False,0
3540,11,False,0
3542,7,False,0
3544,3,False,0
3546,5,False,0
3548,2,False,0
3549,5,False,0
3550,5,False,0
3552,11,False,0
3553,3,False,0
3555,5,False,0
3556,5,False,0
3558,3,False,0
3560,7,False,0
3562,3,False,0
3564,14,False,0
3565,3,False,0
3567,3,False,0
3568,4,False,0
3570,15,False,0
3572,5,False,0
3573,2,False,0
3575,5,False,0
3576,7,False,0
3577,2,False,0
3580,5,False,0
3582,5,False,0
3584,9,False,0
3585,3,False,0
3586,3,False,0
3588,11,False,0
3590,3,False,0
3591,7,False,0
3592,3,False,0
3594,3,False,0
3596,5,False,0
3597,3,False,0
3598,3,False,0
3600,22,False,0
3604,5,False,0
3605,3,False,0
3606,3,False,0
3608,7,False,0
3609,2,False,0
3610,5,False,0
3612,11,False,0
3614,3,False,0
3615,3,False,0
3616,5,False,0
3618,7,False,0
3619,3,False,0
3620,5,False,0
3621,3,False,0
3624,7,False,0
3625,3,False,0
3626,5,False,0
3627,5,False,0
3628,2,False,0
3630,11,False,0
3632,4,False,0
3633,3,False,0
3634,3,False,0
3636,8,False,0
3638,3,False,0
3640,15,False,0
3642,3,False,0
3644,2,False,0
3645,6,False,0
3648,13,False,0
3650,5,False,0
3652,5,False,0
3654,11,False,0
3655,3,False,0
3656,3,False,0
3657,3,False,0
3658,3,False,0
3660,11,False,0
3663,5,False,0
3664,4,False,0
3666,7,False,0
3668,5,False,0
3670,3,False,0
3672,15,False,0
3674,3,False,0
3675,8,False,0
3676,2,False,0
3678,3,False,0
3680,11,False,0
3681,2,False,0
3682,3,False,0
3684,5,False,0
3685,3,False,0
3686,3,False,0
3688,3,False,0
3689,3,False,0
3690,11,False,0
3692,5,False,0
3696,19,False,0
3698,2,False,0
3699,3,False,0
3700,8,False,0
3702,3,False,0
3703,2,False,0
3704,3,False,0
3705,7,False,0
3706,3,False,0
3708,8,False,0
3710,7,False,0
3712,7,False,0
3714,3,False,0
3716,2,False,0
3717,5,False,0
3718,5,False,0
3720,15,False,0
3723,3,False,0
3724,8,False,0
3725,2,False,0
3726,9,False,0
3728,4,False,0
3729,3,False,0
3730,3,False,0
3731,3,False,0
3732,5,False,0
3735,5,False,0
3736,3,False,0
3738,7,False,0
3740,11,False,0
3741,3,False,0
3744,17,False,0
3745,3,False,0
3748,2,False,0
3750,9,False,0
3751,2,False,0
3752,7,False,0
3753,3,False,0
3756,5,False,0
3757,2,False,0
3759,3,False,0
3760,9,False,0
3762,11,False,0
3764,2,False,0
3765,3,False,0
3766,3,False,0
3768,7,False,0
3770,7,False,0
3771,2,False,0
3772,5,False,0
3773,3,False,0
3774,7,False,0
3775,2,False,0
3776,6,False,0
3780,23,False,0
3782,3,False,0
3783,3,False,0
3784,7,False,0
3786,3,False,0
3788,2,False,0
3789,2,False,0
3790,3,False,0
3792,9,False,0
3794,3,False,0
3795,7,False,0
3796,5,False,0
3798,5,False,0
3800,11,False,0
3801,3,False,0
3804,5,False,0
3806,3,False,0
3807,4,False,0
3808,11,False,0
3810,7,False,0
3812,2,False,0
3813,3,False,0
3815,3,False,0
3816,11,False,0
3818,3,False,0
3819,3,False,0
3820,5,False,0
3822,11,False,0
3824,4,False,0
3825,8,False,0
3828,11,False,0
3830,3,False,0
3832,3,False,0
3834,7,False,0
3835,3,False,0
3836,5,False,0
3838,3,False,0
3840,17,False,0
3842,3,False,0
3843,5,False,0
3844,4,False,0
3846,3,False,0
3848,7,False,0
3850,11,False,0
3852,8,False,0
3854,3,False,0
3855,3,False,0
3856,4,False,0
3857,3,False,0
3858,3,False,0
3860,5,False,0
3861,7,False,0
3864,15,False,0
3868,2,False,0
3870,11,False,0
3871,2,False,0
3872,8,False,0
3874,3,False,0
3875,3,False,0
3876,11,False,0
3878,3,False,0
3879,2,False,0
3880,7,False,0
3882,3,False,0
3884,2,False,0
3885,7,False,0
3886,3,False,0
3887,2,False,0
3888,14,False,0
3890,3,False,0
3892,5,False,0
3894,7,False,0
3895,3,False,0
3896,3,False,0
3897,2,False,0
3900,17,False,0
3904,6,False,0
3905,3,False,0
3906,11,False,0
3908,2,False,0
3910,7,False,0
3912,7,False,0
3913,3,False,0
3914,3,False,0
3915,7,False,0
3916,5,False,0
3918,3,False,0
3920,14,False,0
3922,3,False,0
3924,8,False,0
3925,2,False,0
3926,3,False,0
3927,7,False,0
3928,3,False,0
3930,7,False,0
3932,2,False,0
3933,5,False,0
3934,3,False,0
3936,11,False,0
3938,3,False,0
3939,3,False,0
3940,5,False,0
3942,7,False,0
3944,7,False,0
3945,3,False,0
3948,11,False,0
3950,5,False,0
3951,2,False,0
3952,9,False,0
3954,3,False,0
3955,3,False,0
3956,5,False,0
3960,23,False,0
3962,3,False,0
3964,2,False,0
3965,3,False,0
3966,3,False,0
3968,7,False,0
3969,7,False,0
3970,3,False,0
3971,2,False,0
3972,5,False,0
3975,5,False,0
3976,7,False,0
3978,11,False,0
3980,5,False,0
3982,3,False,0
3984,9,False,0
3987,2,False,0
3988,2,False,0
3990,15,False,0
3992,3,False,0
3993,3,False,0
3995,3,False,0
3996,11,False,0
3999,3,False,0
4000,11,False,0
4002,7,False,0
4004,11,False,0
4005,5,False,0
4008,7,False,0
4010,3,False,0
4011,3,False,0
4012,5,False,0
4014,5,False,0
4015,3,False,0
4016,4,False,0
4017,3,False,0
4018,5,False,0
4020,11,False,0
4023,3,False,0
4024,3,False,0
4025,5,False,0
4026,7,False,0
4028,5,False,0
4029,3,False,0
4030,7,False,0
4032,20,False,0
4035,3,False,0
4036,2,False,0
4038,3,False,0
4040,7,False,0
4041,2,False,0
4042,3,False,0
4044,5,False,0
4046,5,False,0
4047,3,False,0
4048,9,False,0
4050,14,False,0
4052,2,False,0
4053,3,False,0
4056,11,False,0
4059,5,False,0
4060,11,False,0
4062,3,False,0
4064,5,False,0
4065,3,False,0
4066,3,False,0
4067,2,False,0
4068,8,False,0
4070,7,False,0
4071,3,False,0
4072,3,False,0
4074,7,False,0
4075,2,False,0
4076,2,False,0
4077,3,False,0
4080,19,False,0
4081,3,False,0
4082,3,False,0
4084,2,False,0
4085,3,False,0
4086,5,False,0
4088,7,False,0
4089,3,False,0
4090,3,False,0
4092,11,False,0
4094,3,False,0
4095,11,False,0
4096,6,False,0
4098,3,False,0
4100,8,False,0
4102,3,False,0
4104,15,False,0
4107,2,False,0
4108,5,False,0
4110,7,False,0
4112,4,False,0
4113,2,False,0
4114,5,False,0
4116,11,False,0
4118,3,False,0
4120,7,False,0
4122,5,False,0
4123,3,False,0
4124,2,False,0
4125,7,False,0
4128,11,False,0
4130,7,False,0
4131,5,False,0
4132,2,False,0
4134,7,False,0
4136,7,False,0
4137,3,False,0
4140,17,False,0
4142,3,False,0
4144,9,False,0
4146,3,False,0
4147,3,False,0
4148,5,False,0
4149,2,False,0
4150,5,False,0
4152,7,False,0
4154,3,False,0
4155,3,False,0
4156,2,False,0
4158,15,False,0
4160,13,False,0
4161,3,False,0
4164,5,False,0
4165,5,False,0
4167,2,False,0
4168,3,False,0
4170,7,False,0
4172,5,False,0
4173,3,False,0
4175,2,False,0
4176,14,False,0
4179,3,False,0
4180,11,False,0
4182,7,False,0
4184,3,False,0
4185,7,False,0
4186,7,False,0
4188,5,False,0
4190,3,False,0
4191,3,False,0
4192,5,False,0
4194,5,False,0
4196,2,False,0
4199,3,False,0
4200,23,False,0
4202,3,False,0
4203,2,False,0
4204,2,False,0
4205,2,False,0
4206,3,False,0
4208,4,False,0
4209,3,False,0
4210,3,False,0
4212,14,False,0
4214,5,False,0
4215,3,False,0
4216,7,False,0
4218,7,False,0
4220,5,False,0
4221,5,False,0
4224,15,False,0
4225,4,False,0
4228,5,False,0
4230,11,False,0
4232,5,False,0
4233,3,False,0
4234,3,False,0
4235,5,False,0
4236,5,False,0
4238,3,False,0
4239,3,False,0
4240,9,False,0
4242,7,False,0
4244,2,False,0
4245,3,False,0
4246,3,False,0
4248,11,False,0
4250,7,False,0
4251,3,False,0
4252,2,False,0
4254,3,False,0
4255,3,False,0
4256,11,False,0
4257,5,False,0
4260,11,False,0
4263,5,False,0
4264,7,False,0
4266,7,False,0
4268,5,False,0
4270,7,False,0
4272,9,False,0
4275,8,False,0
4276,2,False,0
4277,3,False,0
4278,7,False,0
4280,7,False,0
4284,17,False,0
4288,6,False,0
4290,15,False,0
4292,5,False,0
4293,4,False,0
4294,3,False,0
4296,7,False,0
4298,3,False,0
4300,8,False,0
4301,3,False,0
4302,5,False,0
4304,4,False,0
4305,7,False,0
4308,5,False,0
4310,3,False,0
4311,2,False,0
4312,11,False,0
4314,3,False,0
4316,5,False,0
4318,3,False,0
4320,23,False,0
4323,3,False,0
4324,5,False,0
4325,2,False,0
4326,7,False,0
4328,3,False,0
4329,5,False,0
4330,3,False,0
4332,8,False,0
4334,3,False,0
4335,5,False,0
4336,4,False,0
4338,5,False,0
4340,11,False,0
4342,3,False,0
4344,7,False,0
4345,3,False,0
4346,3,False,0
4347,7,False,0
4348,2,False,0
4350,11,False,0
4352,8,False,0
4354,3,False,0
4355,3,False,0
4356,13,False,0
4360,7,False,0
4361,2,False,0
4362,3,False,0
4364,2,False,0
4365,5,False,0
4366,3,False,0
4368,19,False,0
4370,7,False,0
4371,3,False,0
4372,2,False,0
4374,7,False,0
4375,4,False,0
4376,3,False,0
4378,3,False,0
4380,11,False,0
4382,3,False,0
4383,2,False,0
4384,5,False,0
4386,7,False,0
4388,2,False,0
4389,7,False,0
4390,3,False,0
4392,11,False,0
4394,3,False,0
4395,3,False,0
4396,5,False,0
4398,3,False,0
4400,14,False,0
4401,3,False,0
4402,3,False,0
4403,3,False,0
4404,5,False,0
4407,3,False,0
4408,7,False,0
4410,17,False,0
4412,2,False,0
4416,13,False,0
4418,2,False,0
4419,2,False,0
4420,11,False,0
4422,7,False,0
4424,7,False,0
4425,5,False,0
4428,11,False,0
4430,3,False,0
4431,3,False,0
4432,4,False,0
4433,3,False,0
4434,3,False,0
4436,2,False,0
4437,5,False,0
4438,3,False,0
4440,15,False,0
4444,5,False,0
4445,3,False,0
4446,11,False,0
4448,5,False,0
4450,5,False,0
4452,11,False,0
4454,3,False,0
4455,9,False,0
4456,3,False,0
4458,3,False,0
4459,3,False,0
4460,5,False,0
4462,3,False,0
4464,14,False,0
4465,3,False,0
4466,7,False,0
4468,2,False,0
4470,7,False,0
4472,7,False,0
4473,5,False,0
4475,2,False,0
4476,5,False,0
4477,2,False,0
4480,15,False,0
4482,7,False,0
4484,5,False,0
4485,7,False,0
4488,15,False,0
4490,3,False,0
4491,2,False,0
4492,2,False,0
4494,7,False,0
4495,3,False,0
4496,4,False,0
4498,3,False,0
4500,17,False,0
4503,3,False,0
4504,3,False,0
4505,3,False,0
4506,3,False,0
4508,8,False,0
4509,3,False,0
4510,7,False,0
4512,11,False,0
4514,3,False,0
4515,7,False,0
4516,2,False,0
4518,5,False,0
4520,7,False,0
4521,3,False,0
4522,7,False,0
4524,11,False,0
4525,2,False,0
4526,3,False,0
4527,2,False,0
4528,4,False,0
4530,7,False,0
4532,5,False,0
4536,19,False,0
4539,3,False,0
4540,5,False,0
4542,3,False,0
4543,3,False,0
4544,6,False,0
4545,5,False,0
4548,5,False,0
4550,11,False,0
4551,3,False,0
4552,3,False,0
4554,11,False,0
4556,5,False,0
4557,5,False,0
4558,3,False,0
4560,19,False,0
4563,5,False,0
4564,5,False,0
4565,3,False,0
4566,3,False,0
4568,3,False,0
4570,3,False,0
4572,8,False,0
4575,5,False,0
4576,11,False,0
4578,7,False,0
4580,5,False,0
4581,2,False,0
4582,3,False,0
4584,7,False,0
4585,3,False,0
4587,3,False,0
4588,5,False,0
4590,15,False,0
4592,9,False,0
4596,5,False,0
4598,5,False,0
4599,5,False,0
4600,11,False,0
4602,7,False,0
4604,2,False,0
4605,3,False,0
4606,5,False,0
4608,14,False,0
4610,3,False,0
4611,3,False,0
4612,2,False,0
4614,3,False,0
4615,3,False,0
4616,3,False,0
4617,5,False,0
4620,23,False,0
4623,3,False,0
4624,7,False,0
4625,3,False,0
4626,5,False,0
4628,5,False,0
4630,3,False,0
4632,7,False,0
4634,3,False,0
4635,5,False,0
4636,5,False,0
4638,3,False,0
4640,11,False,0
4641,7,False,0
4642,3,False,0
4644,11,False,0
4646,3,False,0
4648,7,False,0
4650,11,False,0
4652,2,False,0
4653,5,False,0
4654,3,False,0
4655,5,False,0
4656,9,False,0
4658,3,False,0
4660,5,False,0
4662,11,False,0
4664,7,False,0
4665,3,False,0
4668,5,False,0
4669,3,False,0
4670,3,False,0
4671,3,False,0
4672,6,False,0
4674,7,False,0
4675,5,False,0
4676,5,False,0
4680,23,False,0
4683,3,False,0
4684,2,False,0
4686,7,False,0
4688,4,False,0
4689,2,False,0
4690,7,False,0
4692,11,False,0
4693,2,False,0
4695,3,False,0
4696,3,False,0
4697,3,False,0
4698,9,False,0
4700,8,False,0
4704,17,False,0
4706,3,False,0
4707,2,False,0
4708,5,False,0
4710,7,False,0
4712,7,False,0
4715,3,False,0
4716,8,False,0
4718,3,False,0
4719,5,False,0
4720,9,False,0
4722,3,False,0
4724,2,False,0
4725,11,False,0
4726,3,False,0
4728,7,False,0
4730,7,False,0
4731,3,False,0
4732,8,False,0
4734,5,False,0
4736,7,False,0
4738,3,False,0
4740,11,False,0
4743,5,False,0
4744,3,False,0
4745,3,False,0
4746,7,False,0
4748,2,False,0
4750,7,False,0
4752,19,False,0
4753,2,False,0
4755,3,False,0
4756,5,False,0
4758,7,False,0
4760,15,False,0
4761,4,False,0
4764,5,False,0
4767,3,False,0
4768,5,False,0
4770,11,False,0
4772,2,False,0
4773,3,False,0
4774,7,False,0
4775,2,False,0
4776,7,False,0
4779,4,False,0
4780,5,False,0
4782,3,False,0
4784,9,False,0
4785,7,False,0
4788,17,False,0
4790,3,False,0
4792,3,False,0
4794,7,False,0
4795,3,False,0
4796,5,False,0
4797,5,False,0
4800,20,False,0
4802,4,False,0
4804,2,False,0
4805,2,False,0
4806,7,False,0
4807,3,False,0
4808,3,False,0
4809,3,False,0
4810,7,False,0
4812,5,False,0
4814,3,False,0
4815,5,False,0
4816,9,False,0
4818,7,False,0
4820,5,False,0
4823,3,False,0
4824,11,False,0
4825,2,False,0
4826,3,False,0
4828,5,False,0
4830,15,False,0
4832,5,False,0
4833,3,False,0
4836,11,False,0
4838,3,False,0
4840,11,False,0
4842,5,False,0
4844,5,False,0
4845,7,False,0
4848,9,False,0
4850,5,False,0
4851,8,False,0
4852,2,False,0
4854,3,False,0
4856,3,False,0
4858,3,False,0
4860,17,False,0
4862,7,False,0
4864,8,False,0
4865,3,False,0
4866,3,False,0
4868,2,False,0
4869,2,False,0
4870,3,False,0
4872,15,False,0
4875,7,False,0
4876,5,False,0
4878,5,False,0
4879,3,False,0
4880,9,False,0
4884,11,False,0
4886,3,False,0
4887,3,False,0
4888,7,False,0
4890,7,False,0
4892,2,False,0
4893,3,False,0
4895,3,False,0
4896,17,False,0
4898,3,False,0
4899,3,False,0
4900,13,False,0
4901,2,False,0
4902,7,False,0
4904,3,False,0
4905,5,False,0
4906,3,False,0
4908,5,False,0
4910,3,False,0
4912,4,False,0
4914,15,False,0
4916,2,False,0
4917,3,False,0
4920,15,False,0
4921,3,False,0
4922,3,False,0
4923,2,False,0
4924,2,False,0
4925,2,False,0
4926,3,False,0
4928,13,False,0
4929,3,False,0
4930,7,False,0
4932,8,False,0
4935,7,False,0
4936,3,False,0
4938,3,False,0
4940,11,False,0
4941,4,False,0
4942,3,False,0
4944,9,False,0
4945,3,False,0
4947,3,False,0
4948,2,False,0
4949,2,False,0
4950,17,False,0
4952,3,False,0
4953,3,False,0
4956,11,False,0
4958,3,False,0
4959,5,False,0
4960,11,False,0
4961,2,False,0
4962,3,False,0
4964,5,False,0
4965,3,False,0
4966,3,False,0
4968,15,False,0
4970,7,False,0
4972,5,False,0
4974,3,False,0
4975,2,False,0
4976,4,False,0
4977,5,False,0
4978,3,False,0
4980,11,False,0
4982,3,False,0
4983,3,False,0
4984,7,False,0
4986,5,False,0
4988,5,False,0
4990,3,False,0
4991,3,False,0
4992,15,False,0
4994,3,False,0
4995,7,False,0
4996,2,False,0
4998,11,False,0
5000,9,False,0
