p,q,n,u,A,D,expected_D,pass
2,3,6,5,21,9,9,True
2,5,10,7,63,9,9,True
2,7,14,9,129,9,9,True
2,11,22,13,333,9,9,True
2,13,26,15,471,9,9,True
2,17,34,19,819,9,9,True
2,19,38,21,1029,9,9,True
2,23,46,25,1521,9,9,True
2,29,58,31,2439,9,9,True
2,31,62,33,2793,9,9,True
2,37,74,39,3999,9,9,True
2,41,82,43,4923,9,9,True
2,43,86,45,5421,9,9,True
2,47,94,49,6489,9,9,True
2,53,106,55,8271,9,9,True
2,59,118,61,10269,9,9,True
2,61,122,63,10983,9,9,True
2,67,134,69,13269,9,9,True
2,71,142,73,14913,9,9,True
2,73,146,75,15771,9,9,True
2,79,158,81,18489,9,9,True
2,83,166,85,20421,9,9,True
2,89,178,91,23499,9,9,True
2,97,194,99,27939,9,9,True
2,101,202,103,30303,9,9,True
2,103,206,105,31521,9,9,True
2,107,214,109,34029,9,9,True
2,109,218,111,35319,9,9,True
2,113,226,115,37971,9,9,True
2,127,254,129,48009,9,9,True
2,131,262,133,51093,9,9,True
2,137,274,139,55899,9,9,True
2,139,278,141,57549,9,9,True
2,149,298,151,66159,9,9,True
2,151,302,153,67953,9,9,True
2,157,314,159,73479,9,9,True
2,163,326,165,79221,9,9,True
2,167,334,169,83169,9,9,True
2,173,346,175,89271,9,9,True
2,179,358,181,95589,9,9,True
2,181,362,183,97743,9,9,True
2,191,382,193,108873,9,9,True
2,193,386,195,111171,9,9,True
2,197,394,199,115839,9,9,True
2,199,398,201,118209,9,9,True
2,211,422,213,132933,9,9,True
2,223,446,225,148521,9,9,True
2,227,454,229,153909,9,9,True
2,229,458,231,156639,9,9,True
2,233,466,235,162171,9,9,True
2,239,478,241,170649,9,9,True
2,241,482,243,173523,9,9,True
2,251,502,253,188253,9,9,True
2,257,514,259,197379,9,9,True
2,263,526,265,206721,9,9,True
2,269,538,271,216279,9,9,True
2,271,542,273,219513,9,9,True
2,277,554,279,229359,9,9,True
2,281,562,283,236043,9,9,True
2,283,566,285,239421,9,9,True
2,293,586,295,256671,9,9,True
3,5,15,8,147,0,0,True
3,7,21,10,301,4,4,True
3,11,33,14,777,36,36,True
3,13,39,16,1099,64,64,True
3,17,51,20,1911,144,144,True
3,19,57,22,2401,196,196,True
3,23,69,26,3549,324,324,True
3,29,87,32,5691,576,576,True
3,31,93,34,6517,676,676,True
3,37,111,40,9331,1024,1024,True
3,41,123,44,11487,1296,1296,True
3,43,129,46,12649,1444,1444,True
3,47,141,50,15141,1764,1764,True
3,53,159,56,19299,2304,2304,True
3,59,177,62,23961,2916,2916,True
3,61,183,64,25627,3136,3136,True
3,67,201,70,30961,3844,3844,True
3,71,213,74,34797,4356,4356,True
3,73,219,76,36799,4624,4624,True
3,79,237,82,43141,5476,5476,True
3,83,249,86,47649,6084,6084,True
3,89,267,92,54831,7056,7056,True
3,97,291,100,65191,8464,8464,True
3,101,303,104,70707,9216,9216,True
3,103,309,106,73549,9604,9604,True
3,107,321,110,79401,10404,10404,True
3,109,327,112,82411,10816,10816,True
3,113,339,116,88599,11664,11664,True
3,127,381,130,112021,14884,14884,True
3,131,393,134,119217,15876,15876,True
3,137,411,140,130431,17424,17424,True
3,139,417,142,134281,17956,17956,True
3,149,447,152,154371,20736,20736,True
3,151,453,154,158557,21316,21316,True
3,157,471,160,171451,23104,23104,True
3,163,489,166,184849,24964,24964,True
3,167,501,170,194061,26244,26244,True
3,173,519,176,208299,28224,28224,True
3,179,537,182,223041,30276,30276,True
3,181,543,184,228067,30976,30976,True
3,191,573,194,254037,34596,34596,True
3,193,579,196,259399,35344,35344,True
3,197,591,200,270291,36864,36864,True
3,199,597,202,275821,37636,37636,True
3,211,633,214,310177,42436,42436,True
3,223,669,226,346549,47524,47524,True
3,227,681,230,359121,49284,49284,True
3,229,687,232,365491,50176,50176,True
3,233,699,236,378399,51984,51984,True
3,239,717,242,398181,54756,54756,True
3,241,723,244,404887,55696,55696,True
3,251,753,254,439257,60516,60516,True
3,257,771,260,460551,63504,63504,True
3,263,789,266,482349,66564,66564,True
3,269,807,272,504651,69696,69696,True
3,271,813,274,512197,70756,70756,True
3,277,831,280,535171,73984,73984,True
3,281,843,284,550767,76176,76176,True
3,283,849,286,558649,77284,77284,True
3,293,879,296,598899,82944,82944,True
5,7,35,12,903,144,144,True
5,11,55,16,2331,576,576,True
5,13,65,18,3297,900,900,True
5,17,85,22,5733,1764,1764,True
5,19,95,24,7203,2304,2304,True
5,23,115,28,10647,3600,3600,True
5,29,145,34,17073,6084,6084,True
5,31,155,36,19551,7056,7056,True
5,37,185,42,27993,10404,10404,True
5,41,205,46,34461,12996,12996,True
5,43,215,48,37947,14400,14400,True
5,47,235,52,45423,17424,17424,True
5,53,265,58,57897,22500,22500,True
5,59,295,64,71883,28224,28224,True
5,61,305,66,76881,30276,30276,True
5,67,335,72,92883,36864,36864,True
5,71,355,76,104391,41616,41616,True
5,73,365,78,110397,44100,44100,True
5,79,395,84,129423,51984,51984,True
5,83,415,88,142947,57600,57600,True
5,89,445,94,164493,66564,66564,True
5,97,485,102,195573,79524,79524,True
5,101,505,106,212121,86436,86436,True
5,103,515,108,220647,90000,90000,True
5,107,535,112,238203,97344,97344,True
5,109,545,114,247233,101124,101124,True
5,113,565,118,265797,108900,108900,True
5,127,635,132,336063,138384,138384,True
5,131,655,136,357651,147456,147456,True
5,137,685,142,391293,161604,161604,True
5,139,695,144,402843,166464,166464,True
5,149,745,154,463113,191844,191844,True
5,151,755,156,475671,197136,197136,True
5,157,785,162,514353,213444,213444,True
5,163,815,168,554547,230400,230400,True
5,167,835,172,582183,242064,242064,True
5,173,865,178,624897,260100,260100,True
5,179,895,184,669123,278784,278784,True
5,181,905,186,684201,285156,285156,True
5,191,955,196,762111,318096,318096,True
5,193,965,198,778197,324900,324900,True
5,197,985,202,810873,338724,338724,True
5,199,995,204,827463,345744,345744,True
5,211,1055,216,930531,389376,389376,True
5,223,1115,228,1039647,435600,435600,True
5,227,1135,232,1077363,451584,451584,True
5,229,1145,234,1096473,459684,459684,True
5,233,1165,238,1135197,476100,476100,True
5,239,1195,244,1194543,501264,501264,True
5,241,1205,246,1214661,509796,509796,True
5,251,1255,256,1317771,553536,553536,True
5,257,1285,262,1381653,580644,580644,True
5,263,1315,268,1447047,608400,608400,True
5,269,1345,274,1513953,636804,636804,True
5,271,1355,276,1536591,646416,646416,True
5,277,1385,282,1605513,675684,675684,True
5,281,1405,286,1652301,695556,695556,True
5,283,1415,288,1675947,705600,705600,True
5,293,1465,298,1796697,756900,756900,True
7,11,77,18,4773,1764,1764,True
7,13,91,20,6751,2704,2704,True
7,17,119,24,11739,5184,5184,True
7,19,133,26,14749,6724,6724,True
7,23,161,30,21801,10404,10404,True
7,29,203,36,34959,17424,17424,True
7,31,217,38,40033,20164,20164,True
7,37,259,44,57319,29584,29584,True
7,41,287,48,70563,36864,36864,True
7,43,301,50,77701,40804,40804,True
7,47,329,54,93009,49284,49284,True
7,53,371,60,118551,63504,63504,True
7,59,413,66,147189,79524,79524,True
7,61,427,68,157423,85264,85264,True
7,67,469,74,190189,103684,103684,True
7,71,497,78,213753,116964,116964,True
7,73,511,80,226051,123904,123904,True
7,79,553,86,265009,145924,145924,True
7,83,581,90,292701,161604,161604,True
7,89,623,96,336819,186624,186624,True
7,97,679,104,400459,222784,222784,True
7,101,707,108,434343,242064,242064,True
7,103,721,110,451801,252004,252004,True
7,107,749,114,487749,272484,272484,True
7,109,763,116,506239,283024,283024,True
7,113,791,120,544251,304704,304704,True
7,127,889,134,688129,386884,386884,True
7,131,917,138,732333,412164,412164,True
7,137,959,144,801219,451584,451584,True
7,139,973,146,824869,465124,465124,True
7,149,1043,156,948279,535824,535824,True
7,151,1057,158,973993,550564,550564,True
7,157,1099,164,1053199,595984,595984,True
7,163,1141,170,1135501,643204,643204,True
7,167,1169,174,1192089,675684,675684,True
7,173,1211,180,1279551,725904,725904,True
7,179,1253,186,1370109,777924,777924,True
7,181,1267,188,1400983,795664,795664,True
7,191,1337,198,1560513,887364,887364,True
7,193,1351,200,1593451,906304,906304,True
7,197,1379,204,1660359,944784,944784,True
7,199,1393,206,1694329,964324,964324,True
7,211,1477,218,1905373,1085764,1085764,True
7,223,1561,230,2128801,1214404,1214404,True
7,227,1589,234,2206029,1258884,1258884,True
7,229,1603,236,2245159,1281424,1281424,True
7,233,1631,240,2324451,1327104,1327104,True
7,239,1673,246,2445969,1397124,1397124,True
7,241,1687,248,2487163,1420864,1420864,True
7,251,1757,258,2698293,1542564,1542564,True
7,257,1799,264,2829099,1617984,1617984,True
7,263,1841,270,2963001,1695204,1695204,True
7,269,1883,276,3099999,1774224,1774224,True
7,271,1897,278,3146353,1800964,1800964,True
7,277,1939,284,3287479,1882384,1882384,True
7,281,1967,288,3383283,1937664,1937664,True
7,283,1981,290,3431701,1965604,1965604,True
7,293,2051,300,3678951,2108304,2108304,True
11,13,143,24,17427,9216,9216,True
11,17,187,28,30303,17424,17424,True
11,19,209,30,38073,22500,22500,True
11,23,253,34,56277,34596,34596,True
11,29,319,40,90243,57600,57600,True
11,31,341,42,103341,66564,66564,True
11,37,407,48,147963,97344,97344,True
11,41,451,52,182151,121104,121104,True
11,43,473,54,200577,133956,133956,True
11,47,517,58,240093,161604,161604,True
11,53,583,64,306027,207936,207936,True
11,59,649,70,379953,260100,260100,True
11,61,671,72,406371,278784,278784,True
11,67,737,78,490953,338724,338724,True
11,71,781,82,551781,381924,381924,True
11,73,803,84,583527,404496,404496,True
11,79,869,90,684093,476100,476100,True
11,83,913,94,755577,527076,527076,True
11,89,979,100,869463,608400,608400,True
11,97,1067,108,1033743,725904,725904,True
11,101,1111,112,1121211,788544,788544,True
11,103,1133,114,1166277,820836,820836,True
11,107,1177,118,1259073,887364,887364,True
11,109,1199,120,1306803,921600,921600,True
11,113,1243,124,1404927,992016,992016,True
11,127,1397,138,1776333,1258884,1258884,True
11,131,1441,142,1890441,1340964,1340964,True
11,137,1507,148,2068263,1468944,1468944,True
11,139,1529,150,2129313,1512900,1512900,True
11,149,1639,160,2447883,1742400,1742400,True
11,151,1661,162,2514261,1790244,1790244,True
11,157,1727,168,2718723,1937664,1937664,True
11,163,1793,174,2931177,2090916,2090916,True
11,167,1837,178,3077253,2196324,2196324,True
11,173,1903,184,3303027,2359296,2359296,True
11,179,1969,190,3536793,2528100,2528100,True
11,181,1991,192,3616491,2585664,2585664,True
11,191,2101,202,4028301,2883204,2883204,True
11,193,2123,204,4113327,2944656,2944656,True
11,197,2167,208,4286043,3069504,3069504,True
11,199,2189,210,4373733,3132900,3132900,True
11,211,2321,222,4918521,3526884,3526884,True
11,223,2453,234,5495277,3944196,3944196,True
11,227,2497,238,5694633,4088484,4088484,True
11,229,2519,240,5795643,4161600,4161600,True
11,233,2563,244,6000327,4309776,4309776,True
11,239,2629,250,6314013,4536900,4536900,True
11,241,2651,252,6420351,4613904,4613904,True
11,251,2761,262,6965361,5008644,5008644,True
11,257,2827,268,7303023,5253264,5253264,True
11,263,2893,274,7648677,5503716,5503716,True
11,269,2959,280,8002323,5760000,5760000,True
11,271,2981,282,8121981,5846724,5846724,True
11,277,3047,288,8486283,6110784,6110784,True
11,281,3091,292,8733591,6290064,6290064,True
11,283,3113,294,8858577,6380676,6380676,True
11,293,3223,304,9496827,6843456,6843456,True
13,17,221,30,42861,26244,26244,True
13,19,247,32,53851,33856,33856,True
13,23,299,36,79599,51984,51984,True
13,29,377,42,127641,86436,86436,True
13,31,403,44,146167,99856,99856,True
13,37,481,50,209281,145924,145924,True
13,41,533,54,257637,181476,181476,True
13,43,559,56,283699,200704,200704,True
13,47,611,60,339591,242064,242064,True
13,53,689,66,432849,311364,311364,True
13,59,767,72,537411,389376,389376,True
13,61,793,74,574777,417316,417316,True
13,67,871,80,694411,506944,506944,True
13,71,923,84,780447,571536,571536,True
13,73,949,86,825349,605284,605284,True
13,79,1027,92,967591,712336,712336,True
13,83,1079,96,1068699,788544,788544,True
13,89,1157,102,1229781,910116,910116,True
13,97,1261,110,1462141,1085764,1085764,True
13,101,1313,114,1585857,1179396,1179396,True
13,103,1339,116,1649599,1227664,1227664,True
13,107,1391,120,1780851,1327104,1327104,True
13,109,1417,122,1848361,1378276,1378276,True
13,113,1469,126,1987149,1483524,1483524,True
13,127,1651,140,2512471,1882384,1882384,True
13,131,1703,144,2673867,2005056,2005056,True
13,137,1781,150,2925381,2196324,2196324,True
13,139,1807,152,3011731,2262016,2262016,True
13,149,1937,162,3462321,2604996,2604996,True
13,151,1963,164,3556207,2676496,2676496,True
13,157,2041,170,3845401,2896804,2896804,True
13,163,2119,176,4145899,3125824,3125824,True
13,167,2171,180,4352511,3283344,3283344,True
13,173,2249,186,4671849,3526884,3526884,True
13,179,2327,192,5002491,3779136,3779136,True
13,181,2353,194,5115217,3865156,3865156,True
13,191,2483,204,5697687,4309776,4309776,True
13,193,2509,206,5817949,4401604,4401604,True
13,197,2561,210,6062241,4588164,4588164,True
13,199,2587,212,6186271,4682896,4682896,True
13,211,2743,224,6956827,5271616,5271616,True
13,223,2899,236,7772599,5895184,5895184,True
13,227,2951,240,8054571,6110784,6110784,True
13,229,2977,242,8197441,6220036,6220036,True
13,233,3029,246,8486949,6441444,6441444,True
13,239,3107,252,8930631,6780816,6780816,True
13,241,3133,254,9081037,6895876,6895876,True
13,251,3263,264,9851907,7485696,7485696,True
13,257,3341,270,10329501,7851204,7851204,True
13,263,3419,276,10818399,8225424,8225424,True
13,269,3497,282,11318601,8608356,8608356,True
13,271,3523,284,11487847,8737936,8737936,True
13,277,3601,290,12003121,9132484,9132484,True
13,281,3653,294,12352917,9400356,9400356,True
13,283,3679,296,12529699,9535744,9535744,True
13,293,3809,306,13432449,10227204,10227204,True
17,19,323,36,93639,63504,63504,True
17,23,391,40,138411,97344,97344,True
17,29,493,46,221949,161604,161604,True
17,31,527,48,254163,186624,186624,True
17,37,629,54,363909,272484,272484,True
17,41,697,58,447993,338724,338724,True
17,43,731,60,493311,374544,374544,True
17,47,799,64,590499,451584,451584,True
17,53,901,70,752661,580644,580644,True
17,59,1003,76,934479,725904,725904,True
17,61,1037,78,999453,777924,777924,True
17,67,1139,84,1207479,944784,944784,True
17,71,1207,88,1357083,1065024,1065024,True
17,73,1241,90,1435161,1127844,1127844,True
17,79,1343,96,1682499,1327104,1327104,True
17,83,1411,100,1858311,1468944,1468944,True
17,89,1513,106,2138409,1695204,1695204,True
17,97,1649,114,2542449,2022084,2022084,True
17,101,1717,118,2757573,2196324,2196324,True
17,103,1751,120,2868411,2286144,2286144,True
17,107,1819,124,3096639,2471184,2471184,True
17,109,1853,126,3214029,2566404,2566404,True
17,113,1921,130,3455361,2762244,2762244,True
17,127,2159,144,4368819,3504384,3504384,True
17,131,2227,148,4649463,3732624,3732624,True
17,137,2329,154,5086809,4088484,4088484,True
17,139,2363,156,5236959,4210704,4210704,True
17,149,2533,166,6020469,4848804,4848804,True
17,151,2567,168,6183723,4981824,4981824,True
17,157,2669,174,6686589,5391684,5391684,True
17,163,2771,180,7209111,5817744,5817744,True
17,167,2839,184,7568379,6110784,6110784,True
17,173,2941,190,8123661,6563844,6563844,True
17,179,3043,196,8698599,7033104,7033104,True
17,181,3077,198,8894613,7193124,7193124,True
17,191,3247,208,9907443,8020224,8020224,True
17,193,3281,210,10116561,8191044,8191044,True
17,197,3349,214,10541349,8538084,8538084,True
17,199,3383,216,10757019,8714304,8714304,True
17,211,3587,228,12096903,9809424,9809424,True
17,223,3791,240,13515411,10969344,10969344,True
17,227,3859,244,14005719,11370384,11370384,True
17,229,3893,246,14254149,11573604,11573604,True
17,233,3961,250,14757561,11985444,11985444,True
17,239,4063,256,15529059,12616704,12616704,True
17,241,4097,258,15790593,12830724,12830724,True
17,251,4267,268,17131023,13927824,13927824,True
17,257,4369,274,17961489,14607684,14607684,True
17,263,4471,280,18811611,15303744,15303744,True
17,269,4573,286,19681389,16016004,16016004,True
17,271,4607,288,19975683,16257024,16257024,True
17,277,4709,294,20871669,16990884,16990884,True
17,281,4777,298,21479913,17489124,17489124,True
17,283,4811,300,21787311,17740944,17740944,True
17,293,4981,310,23357061,19027044,19027044,True
19,23,437,42,173901,125316,125316,True
19,29,551,48,278859,207936,207936,True
19,31,589,50,319333,240100,240100,True
19,37,703,56,457219,350464,350464,True
19,41,779,60,562863,435600,435600,True
19,43,817,62,619801,481636,481636,True
19,47,893,66,741909,580644,580644,True
19,53,1007,72,945651,746496,746496,True
19,59,1121,78,1174089,933156,933156,True
19,61,1159,80,1255723,1000000,1000000,True
19,67,1273,86,1517089,1214404,1214404,True
19,71,1349,90,1705053,1368900,1368900,True
19,73,1387,92,1803151,1449616,1449616,True
19,79,1501,98,2113909,1705636,1705636,True
19,83,1577,102,2334801,1887876,1887876,True
19,89,1691,108,2686719,2178576,2178576,True
19,97,1843,116,3194359,2598544,2598544,True
19,101,1919,120,3464643,2822400,2822400,True
19,103,1957,122,3603901,2937796,2937796,True
19,107,2033,126,3890649,3175524,3175524,True
19,109,2071,128,4038139,3297856,3297856,True
19,113,2147,132,4341351,3549456,3549456,True
19,127,2413,146,5489029,4502884,4502884,True
19,131,2489,150,5841633,4796100,4796100,True
19,137,2603,156,6391119,5253264,5253264,True
19,139,2641,158,6579769,5410276,5410276,True
19,149,2831,168,7564179,6230016,6230016,True
19,151,2869,170,7769293,6400900,6400900,True
19,157,2983,176,8401099,6927424,6927424,True
19,163,3097,182,9057601,7474756,7474756,True
19,167,3173,186,9508989,7851204,7851204,True
19,173,3287,192,10206651,8433216,8433216,True
19,179,3401,198,10929009,9036036,9036036,True
19,181,3439,200,11175283,9241600,9241600,True
19,191,3629,210,12447813,10304100,10304100,True
19,193,3667,212,12710551,10523536,10523536,True
19,197,3743,216,13244259,10969344,10969344,True
19,199,3781,218,13515229,11195716,11195716,True
19,211,4009,230,15198673,12602500,12602500,True
19,223,4237,242,16980901,14092516,14092516,True
19,227,4313,246,17596929,14607684,14607684,True
19,229,4351,248,17909059,14868736,14868736,True
19,233,4427,252,18541551,15397776,15397776,True
19,239,4541,258,19510869,16208676,16208676,True
19,241,4579,260,19839463,16483600,16483600,True
19,251,4769,270,21523593,17892900,17892900,True
19,257,4883,276,22566999,18766224,18766224,True
19,263,4997,282,23635101,19660356,19660356,True
19,269,5111,288,24727899,20575296,20575296,True
19,271,5149,290,25097653,20884900,20884900,True
19,277,5263,296,26223379,21827584,21827584,True
19,281,5339,300,26987583,22467600,22467600,True
19,283,5377,302,27373801,22791076,22791076,True
19,293,5567,312,29346051,24443136,24443136,True
23,29,667,52,412191,318096,318096,True
23,31,713,54,472017,367236,367236,True
23,37,851,60,675831,535824,535824,True
23,41,943,64,831987,665856,665856,True
23,43,989,66,916149,736164,736164,True
23,47,1081,70,1096641,887364,887364,True
23,53,1219,76,1397799,1140624,1140624,True
23,59,1357,82,1735461,1425636,1425636,True
23,61,1403,84,1856127,1527696,1527696,True
23,67,1541,90,2242461,1855044,1855044,True
23,71,1633,94,2520297,2090916,2090916,True
23,73,1679,96,2665299,2214144,2214144,True
23,79,1817,102,3124641,2604996,2604996,True
23,83,1909,106,3451149,2883204,2883204,True
23,89,2047,112,3971331,3326976,3326976,True
23,97,2231,120,4721691,3968064,3968064,True
23,101,2323,124,5121207,4309776,4309776,True
23,103,2369,126,5327049,4485924,4485924,True
23,107,2461,130,5750901,4848804,4848804,True
23,109,2507,132,5968911,5035536,5035536,True
23,113,2599,136,6417099,5419584,5419584,True
23,127,2921,150,8113521,6874884,6874884,True
23,131,3013,154,8634717,7322436,7322436,True
23,137,3151,160,9446931,8020224,8020224,True
23,139,3197,162,9725781,8259876,8259876,True
23,149,3427,172,11180871,9511056,9511056,True
23,151,3473,174,11484057,9771876,9771876,True
23,157,3611,180,12417951,10575504,10575504,True
23,163,3749,186,13388349,11410884,11410884,True
23,167,3841,190,14055561,11985444,11985444,True
23,173,3979,196,15086799,12873744,12873744,True
23,179,4117,202,16154541,13793796,13793796,True
23,181,4163,204,16518567,14107536,14107536,True
23,191,4393,214,18399537,15729156,15729156,True
23,193,4439,216,18787899,16064064,16064064,True
23,197,4531,220,19576791,16744464,16744464,True
23,199,4577,222,19977321,17089956,17089956,True
23,211,4853,234,22465677,19236996,19236996,True
23,223,5129,246,25100049,21511044,21511044,True
23,227,5221,250,26010621,22297284,22297284,True
23,229,5267,252,26471991,22695696,22695696,True
23,233,5359,256,27406899,23503104,23503104,True
23,239,5497,262,28839681,24740676,24740676,True
23,241,5543,264,29325387,25160256,25160256,True
23,251,5773,274,31814757,27311076,27311076,True
23,257,5911,280,33357051,28643904,28643904,True
23,263,6049,286,34935849,30008484,30008484,True
23,269,6187,292,36551151,31404816,31404816,True
23,271,6233,294,37097697,31877316,31877316,True
23,277,6371,300,38761671,33315984,33315984,True
23,281,6463,304,39891267,34292736,34292736,True
23,283,6509,306,40462149,34786404,34786404,True
23,293,6739,316,43377399,37307664,37307664,True
29,31,899,60,756903,608400,608400,True
29,37,1073,66,1083729,887364,887364,True
29,41,1189,70,1334133,1102500,1102500,True
29,43,1247,72,1469091,1218816,1218816,True
29,47,1363,76,1758519,1468944,1468944,True
29,53,1537,82,2241441,1887876,1887876,True
29,59,1711,88,2782899,2359296,2359296,True
29,61,1769,90,2976393,2528100,2528100,True
29,67,1943,96,3595899,3069504,3069504,True
29,71,2059,100,4041423,3459600,3459600,True
29,73,2117,102,4273941,3663396,3663396,True
29,79,2291,108,5010519,4309776,4309776,True
29,83,2407,112,5534091,4769856,4769856,True
29,89,2581,118,6368229,5503716,5503716,True
29,97,2813,126,7571469,6563844,6563844,True
29,101,2929,130,8212113,7128900,7128900,True
29,103,2987,132,8542191,7420176,7420176,True
29,107,3103,136,9221859,8020224,8020224,True
29,109,3161,138,9571449,8328996,8328996,True
29,113,3277,142,10290141,8964036,8964036,True
29,127,3683,156,13010439,11370384,11370384,True
29,131,3799,160,13846203,12110400,12110400,True
29,137,3973,166,15148629,13264164,13264164,True
29,139,4031,168,15595779,13660416,13660416,True
29,149,4321,178,17929089,15729156,15729156,True
29,151,4379,180,18415263,16160400,16160400,True
29,157,4553,186,19912809,17489124,17489124,True
29,163,4727,192,21468891,18870336,18870336,True
29,167,4843,196,22538799,19820304,19820304,True
29,173,5017,202,24192441,21288996,21288996,True
29,179,5191,208,25904619,22810176,22810176,True
29,181,5249,210,26488353,23328900,23328900,True
29,191,5539,220,29504583,26010000,26010000,True
29,193,5597,222,30127341,26563716,26563716,True
29,197,5713,226,31392369,27688644,27688644,True
29,199,5771,228,32034639,28259856,28259856,True
29,211,6119,240,36024843,31809600,31809600,True
29,223,6467,252,40249191,35569296,35569296,True
29,227,6583,256,41709339,36869184,36869184,True
29,229,6641,258,42449169,37527876,37527876,True
29,233,6757,262,43948341,38862756,38862756,True
29,239,6931,268,46245879,40908816,40908816,True
29,241,6989,270,47024733,41602500,41602500,True
29,251,7279,280,51016563,45158400,45158400,True
29,257,7453,286,53489709,47361924,47361924,True
29,263,7627,292,56021391,49617936,49617936,True
29,269,7801,298,58611609,51926436,51926436,True
29,271,7859,300,59488023,52707600,52707600,True
29,277,8033,306,62156289,55086084,55086084,True
29,281,8149,310,63967653,56700900,56700900,True
29,283,8207,312,64883091,57517056,57517056,True
29,293,8497,322,69557841,61685316,61685316,True
31,37,1147,68,1241023,1024144,1024144,True
31,41,1271,72,1527771,1272384,1272384,True
31,43,1333,74,1682317,1406596,1406596,True
31,47,1457,78,2013753,1695204,1695204,True
31,53,1643,84,2566767,2178576,2178576,True
31,59,1829,90,3186813,2722500,2722500,True
31,61,1891,92,3408391,2917264,2917264,True
31,67,2077,98,4117813,3541924,3541924,True
31,71,2201,102,4628001,3992004,3992004,True
31,73,2263,104,4894267,4227136,4227136,True
31,79,2449,110,5737753,4972900,4972900,True
31,83,2573,114,6337317,5503716,5503716,True
31,89,2759,120,7292523,6350400,6350400,True
31,97,3007,128,8670403,7573504,7573504,True
31,101,3131,132,9404031,8225424,8225424,True
31,103,3193,134,9782017,8561476,8561476,True
31,107,3317,138,10560333,9253764,9253764,True
31,109,3379,140,10960663,9610000,9610000,True
31,113,3503,144,11783667,10342656,10342656,True
31,127,3937,158,14898793,13118884,13118884,True
31,131,4061,162,15855861,13972644,13972644,True
31,137,4247,168,17347323,15303744,15303744,True
31,139,4309,170,17859373,15760900,15760900,True
31,149,4619,180,20531343,18147600,18147600,True
31,151,4681,182,21088081,18645124,18645124,True
31,157,4867,188,22802983,20178064,20178064,True
31,163,5053,194,24584917,21771556,21771556,True
31,167,5177,198,25810113,22867524,22867524,True
31,173,5363,204,27703767,24561936,24561936,True
31,179,5549,210,29664453,26316900,26316900,True
31,181,5611,212,30332911,26915344,26915344,True
31,191,5921,222,33786921,30008484,30008484,True
31,193,5983,224,34500067,30647296,30647296,True
31,197,6107,228,35948703,31945104,31945104,True
31,199,6169,230,36684193,32604100,32604100,True
31,211,6541,242,41253541,36699364,36699364,True
31,223,6913,254,46091017,41036836,41036836,True
31,227,7037,258,47763093,42536484,42536484,True
31,229,7099,260,48610303,43296400,43296400,True
31,233,7223,264,50327067,44836416,44836416,True
31,239,7409,270,52958073,47196900,47196900,True
31,241,7471,272,53849971,47997184,47997184,True
31,251,7781,282,58421181,52099524,52099524,True
31,257,7967,288,61253283,54641664,54641664,True
31,263,8153,294,64152417,57244356,57244356,True
31,269,8339,300,67118583,59907600,59907600,True
31,271,8401,302,68122201,60808804,60808804,True
31,277,8587,308,71177743,63552784,63552784,True
31,281,8711,312,73252011,65415744,65415744,True
31,283,8773,314,74300317,66357316,66357316,True
31,293,9083,324,79653567,71166096,71166096,True
37,41,1517,78,2187453,1855044,1855044,True
37,43,1591,80,2408731,2050624,2050624,True
37,47,1739,84,2883279,2471184,2471184,True
37,53,1961,90,3675081,3175524,3175524,True
37,59,2183,96,4562859,3968064,3968064,True
37,61,2257,98,4880113,4251844,4251844,True
37,67,2479,104,5895859,5161984,5161984,True
37,71,2627,108,6626343,5817744,5817744,True
37,73,2701,110,7007581,6160324,6160324,True
37,79,2923,116,8215279,7246864,7246864,True
37,83,3071,120,9073731,8020224,8020224,True
37,89,3293,126,10441389,9253764,9253764,True
37,97,3589,134,12414229,11035684,11035684,True
37,101,3737,138,13464633,11985444,11985444,True
37,103,3811,140,14005831,12475024,12475024,True
37,107,3959,144,15120219,13483584,13483584,True
37,109,4033,146,15693409,14002564,14002564,True
37,113,4181,150,16871781,15069924,15069924,True
37,127,4699,164,21331999,19114384,19114384,True
37,131,4847,168,22702323,20358144,20358144,True
37,137,5069,174,24837789,22297284,22297284,True
37,139,5143,176,25570939,22963264,22963264,True
37,149,5513,186,29396649,26440164,26440164,True
37,151,5587,188,30193783,27164944,27164944,True
37,157,5809,194,32649169,29398084,29398084,True
37,163,6031,200,35200531,31719424,31719424,True
37,167,6179,204,36954759,33315984,33315984,True
37,173,6401,210,39666081,35784324,35784324,True
37,179,6623,216,42473379,38340864,38340864,True
37,181,6697,218,43430473,39212644,39212644,True
37,191,7067,228,48375903,43718544,43718544,True
37,193,7141,230,49396981,44649124,44649124,True
37,197,7289,234,51471129,46539684,46539684,True
37,199,7363,236,52524199,47499664,47499664,True
37,211,7807,248,59066563,53465344,53465344,True
37,223,8251,260,65992831,59783824,59783824,True
37,227,8399,264,68386899,61968384,61968384,True
37,229,8473,266,69599929,63075364,63075364,True
37,233,8621,270,72057981,65318724,65318724,True
37,239,8843,276,75825039,68757264,68757264,True
37,241,8917,278,77102053,69923044,69923044,True
37,251,9287,288,83647083,75898944,75898944,True
37,257,9509,294,87702069,79602084,79602084,True
37,263,9731,300,91853031,83393424,83393424,True
37,269,9953,306,96099969,87272964,87272964,True
37,271,10027,308,97536943,88585744,88585744,True
37,277,10249,314,101911849,92582884,92582884,True
37,281,10397,318,104881773,95296644,95296644,True
37,283,10471,320,106382731,96668224,96668224,True
37,293,10841,330,114047481,103673124,103673124,True
41,43,1763,84,2965287,2547216,2547216,True
41,47,1927,88,3549483,3069504,3069504,True
41,53,2173,94,4524237,3944196,3944196,True
41,59,2419,100,5617143,4928400,4928400,True
41,61,2501,102,6007701,5280804,5280804,True
41,67,2747,108,7258143,6411024,6411024,True
41,71,2911,112,8157411,7225344,7225344,True
41,73,2993,114,8626737,7650756,7650756,True
41,79,3239,120,10113483,9000000,9000000,True
41,83,3403,124,11170287,9960336,9960336,True
41,89,3649,130,12853953,11492100,11492100,True
41,97,3977,138,15282633,13704804,13704804,True
41,101,4141,142,16575741,14884164,14884164,True
41,103,4223,144,17241987,15492096,15492096,True
41,107,4387,148,18613863,16744464,16744464,True
41,109,4469,150,19319493,17388900,17388900,True
41,113,4633,154,20770137,18714276,18714276,True
41,127,5207,168,26260923,23736384,23736384,True
41,131,5371,172,27947871,25280784,25280784,True
41,137,5617,178,30576753,27688644,27688644,True
41,139,5699,180,31479303,28515600,28515600,True
41,149,6109,190,36188973,32832900,32832900,True
41,151,6191,192,37170291,33732864,33732864,True
41,157,6437,198,40193013,36505764,36505764,True
41,163,6683,204,43333887,39388176,39388176,True
41,167,6847,208,45493443,41370624,41370624,True
41,173,7093,214,48831237,44435556,44435556,True
41,179,7339,220,52287183,47610000,47610000,True
41,181,7421,222,53465421,48692484,48692484,True
41,191,7831,232,59553531,54287424,54287424,True
41,193,7913,234,60810537,55442916,55442916,True
41,197,8077,238,63363933,57790404,57790404,True
41,199,8159,240,64660323,58982400,58982400,True
41,211,8651,252,72714351,66389904,66389904,True
41,223,9143,264,81240987,74235456,74235456,True
41,227,9307,268,84188223,76947984,76947984,True
41,229,9389,270,85681533,78322500,78322500,True
41,233,9553,274,88707537,81108036,81108036,True
41,239,9799,280,93345003,85377600,85377600,True
41,241,9881,282,94917081,86825124,86825124,True
41,251,10291,292,102974391,94245264,94245264,True
41,257,10537,298,107966313,98843364,98843364,True
41,263,10783,304,113076387,103550976,103550976,True
41,269,11029,310,118304613,108368100,108368100,True
41,271,11111,312,120073611,109998144,109998144,True
41,277,11357,318,125459373,114961284,114961284,True
41,281,11521,322,129115521,118330884,118330884,True
41,283,11603,324,130963287,120033936,120033936,True
41,293,12013,334,140399037,128731716,128731716,True
43,47,2021,90,3908541,3392964,3392964,True
43,53,2279,96,4981899,4359744,4359744,True
43,59,2537,102,6185361,5447556,5447556,True
43,61,2623,104,6615427,5837056,5837056,True
43,67,2881,110,7992361,7086244,7086244,True
43,71,3053,114,8982597,7986276,7986276,True
43,73,3139,116,9499399,8456464,8456464,True
43,79,3397,122,11136541,9947716,9947716,True
43,83,3569,126,12300249,11009124,11009124,True
43,89,3827,132,14154231,12702096,12702096,True
43,97,4171,140,16828591,15147664,15147664,True
43,101,4343,144,18252507,16451136,16451136,True
43,103,4429,146,18986149,17123044,17123044,True
43,107,4601,150,20496801,18507204,18507204,True
43,109,4687,152,21273811,19219456,19219456,True
43,113,4859,156,22871199,20684304,20684304,True
43,127,5461,170,28917421,26234884,26234884,True
43,131,5633,174,30775017,27941796,27941796,True
43,137,5891,180,33669831,30603024,30603024,True
43,139,5977,182,34663681,31516996,31516996,True
43,149,6407,192,39849771,36288576,36288576,True
43,151,6493,194,40930357,37283236,37283236,True
43,157,6751,200,44258851,40347904,40347904,True
43,163,7009,206,47717449,43533604,43533604,True
43,167,7181,210,50095461,45724644,45724644,True
43,173,7439,216,53770899,49112064,49112064,True
43,179,7697,222,57576441,52620516,52620516,True
43,181,7783,224,58873867,53816896,53816896,True
43,191,8213,234,65577837,60000516,60000516,True
43,193,8299,236,66961999,61277584,61277584,True
43,197,8471,240,69773691,63872064,63872064,True
43,199,8557,242,71201221,65189476,65189476,True
43,211,9073,254,80069977,73376356,73376356,True
43,223,9589,266,89459149,82047364,82047364,True
43,227,9761,270,92704521,85045284,85045284,True
43,229,9847,272,94348891,86564416,86564416,True
43,233,10019,276,97680999,89643024,89643024,True
43,239,10277,282,102787581,94361796,94361796,True
43,241,10363,284,104518687,95961616,95961616,True
43,251,10793,294,113391057,104162436,104162436,True
43,257,11051,300,118887951,109244304,109244304,True
43,263,11309,306,124514949,114447204,114447204,True
43,269,11567,312,130272051,119771136,119771136,True
43,271,11653,314,132219997,121572676,121572676,True
43,277,11911,320,138150571,127057984,127057984,True
43,281,12083,324,142176567,130782096,130782096,True
43,283,12169,326,144211249,132664324,132664324,True
43,293,12599,336,154601499,142277184,142277184,True
47,53,2491,100,5963391,5253264,5253264,True
47,59,2773,106,7403949,6563844,6563844,True
47,61,2867,108,7918743,7033104,7033104,True
47,67,3149,114,9566949,8538084,8538084,True
47,71,3337,118,10752273,9622404,9622404,True
47,73,3431,120,11370891,10188864,10188864,True
47,79,3713,126,13330569,11985444,11985444,True
47,83,3901,130,14723541,13264164,13264164,True
47,89,4183,136,16942779,15303744,15303744,True
47,97,4559,144,20144019,18249984,18249984,True
47,101,4747,148,21848463,19820304,19820304,True
47,103,4841,150,22726641,20629764,20629764,True
47,107,5029,154,24534909,22297284,22297284,True
47,109,5123,156,25464999,23155344,23155344,True
47,113,5311,160,27377091,24920064,24920064,True
47,127,5969,174,34614489,31606884,31606884,True
47,131,6157,178,36838053,33663204,33663204,True
47,137,6439,184,40303179,36869184,36869184,True
47,139,6533,186,41492829,37970244,37970244,True
47,149,7003,196,47700639,43718544,43718544,True
47,151,7097,198,48994113,44916804,44916804,True
47,157,7379,204,52978359,48608784,48608784,True
47,163,7661,210,57118341,52446564,52446564,True
47,167,7849,214,59964849,55086084,55086084,True
47,173,8131,220,64364391,59166864,59166864,True
47,179,8413,226,68919669,63393444,63393444,True
47,181,8507,228,70472703,64834704,64834704,True
47,191,8977,238,78497433,72284004,72284004,True
47,193,9071,240,80154291,73822464,73822464,True
47,197,9259,244,83519919,76947984,76947984,True
47,199,9353,246,85228689,78535044,78535044,True
47,211,9917,258,95844693,88397604,88397604,True
47,223,10481,270,107083641,98843364,98843364,True
47,227,10669,274,110968389,102454884,102454884,True
47,229,10763,276,112936719,104284944,104284944,True
47,233,10951,280,116925291,107993664,107993664,True
47,239,11233,286,123037929,113678244,113678244,True
47,241,11327,288,125110083,115605504,115605504,True
47,251,11797,298,135730413,125484804,125484804,True
47,257,12079,304,142310259,131606784,131606784,True
47,263,12361,310,149045841,137874564,137874564,True
47,269,12643,316,155937159,144288144,144288144,True
47,271,12737,318,158268873,146458404,146458404,True
47,277,13019,324,165367839,153066384,153066384,True
47,281,13207,328,170187003,157552704,157552704,True
47,283,13301,330,172622541,159820164,159820164,True
47,293,13771,340,185059791,171400464,171400464,True
53,59,3127,112,9437211,8433216,8433216,True
53,61,3233,114,10093377,9036036,9036036,True
53,67,3551,120,12194211,10969344,10969344,True
53,71,3763,124,13705047,12362256,12362256,True
53,73,3869,126,14493549,13089924,13089924,True
53,79,4187,132,16991391,15397776,15397776,True
53,83,4399,136,18766899,17040384,17040384,True
53,89,4717,142,21595581,19660356,19660356,True
53,97,5141,150,25675941,23444964,23444964,True
53,101,5353,154,27848457,25462116,25462116,True
53,103,5459,156,28967799,26501904,26501904,True
53,107,5671,160,31272651,28643904,28643904,True
53,109,5777,162,32458161,29746116,29746116,True
53,113,5989,166,34895349,32012964,32012964,True
53,127,6731,180,44120271,40602384,40602384,True
53,131,6943,184,46954467,43243776,43243776,True
53,137,7261,190,51371181,47361924,47361924,True
53,139,7367,192,52887531,48776256,48776256,True
53,149,7897,202,60800121,56160036,56160036,True
53,151,8003,204,62448807,57699216,57699216,True
53,157,8321,210,67527201,62441604,62441604,True
53,163,8639,216,72804099,67371264,67371264,True
53,167,8851,220,76432311,70761744,70761744,True
53,173,9169,226,82040049,76003524,76003524,True
53,179,9487,232,87846291,81432576,81432576,True
53,181,9593,234,89825817,83283876,83283876,True
53,191,10123,244,100054287,92852496,92852496,True
53,193,10229,246,102166149,94828644,94828644,True
53,197,10441,250,106456041,98843364,98843364,True
53,199,10547,252,108634071,100881936,100881936,True
53,211,11183,264,122165427,113550336,113550336,True
53,223,11819,276,136490799,126967824,126967824,True
53,227,12031,280,141442371,131606784,131606784,True
53,229,12137,282,143951241,133957476,133957476,True
53,233,12349,286,149035149,138721284,138721284,True
53,239,12667,292,156826431,146023056,146023056,True
53,241,12773,294,159467637,148498596,148498596,True
53,251,13303,304,173004507,161188416,161188416,True
53,257,13621,310,181391301,169052004,169052004,True
53,263,13939,316,189976599,177102864,177102864,True
53,269,14257,322,198760401,185340996,185340996,True
53,271,14363,324,201732447,188128656,188128656,True
53,277,14681,330,210780921,196616484,196616484,True
53,281,14893,334,216923517,202379076,202379076,True
53,283,14999,336,220027899,205291584,205291584,True
53,293,15529,346,235880649,220166244,220166244,True
59,61,3599,120,12531603,11289600,11289600,True
59,67,3953,126,15139929,13704804,13704804,True
59,71,4189,130,17015733,15444900,15444900,True
59,73,4307,132,17994711,16353936,16353936,True
59,79,4661,138,21095949,19236996,19236996,True
59,83,4897,142,23300361,21288996,21288996,True
59,89,5251,148,26812359,24561936,24561936,True
59,97,5723,156,31878399,29289744,29289744,True
59,101,5959,160,34575723,31809600,31809600,True
59,103,6077,162,35965461,33108516,33108516,True
59,107,6313,166,38827089,35784324,35784324,True
59,109,6431,168,40298979,37161216,37161216,True
59,113,6667,172,43324911,39992976,39992976,True
59,127,7493,186,54778269,50722884,50722884,True
59,131,7729,190,58297113,54022500,54022500,True
59,137,8083,196,63780759,59166864,59166864,True
59,139,8201,198,65663409,60933636,60933636,True
59,149,8791,208,75487419,70157376,70157376,True
59,151,8909,210,77534373,72080100,72080100,True
59,157,9263,216,83839539,78004224,78004224,True
59,163,9617,222,90391161,84162276,84162276,True
59,167,9853,226,94895829,88397604,88397604,True
59,173,10207,232,101858211,94945536,94945536,True
59,179,10561,238,109067049,101727396,101727396,True
59,181,10679,240,111524763,104040000,104040000,True
59,191,11269,250,124224093,115992900,115992900,True
59,193,11387,252,126846111,118461456,118461456,True
59,197,11623,256,132172299,123476544,123476544,True
59,199,11741,258,134876469,126023076,126023076,True
59,211,12449,270,151676553,141848100,141848100,True
59,223,13157,282,169462461,158608836,158608836,True
59,227,13393,286,175610169,164403684,164403684,True
59,229,13511,288,178725099,167340096,167340096,True
59,233,13747,292,185037111,173290896,173290896,True
59,239,14101,298,194710509,182412036,182412036,True
59,241,14219,300,197989743,185504400,185504400,True
59,251,14809,310,214796673,201356100,201356100,True
59,257,15163,316,225209439,211179024,211179024,True
59,263,15517,322,235868661,221235876,221235876,True
59,269,15871,328,246774339,231526656,231526656,True
59,271,15989,330,250464333,235008900,235008900,True
59,277,16343,336,261698619,245611584,245611584,True
59,281,16579,340,269325063,252810000,252810000,True
59,283,16697,342,273179361,256448196,256448196,True
59,293,17287,352,292861611,275029056,275029056,True
61,67,4087,128,16192603,14684224,14684224,True
61,71,4331,132,18198831,16548624,16548624,True
61,73,4453,134,19245877,17522596,17522596,True
61,79,4819,140,22562743,20611600,20611600,True
61,83,5063,144,24920427,22810176,22810176,True
61,89,5429,150,28676613,26316900,26316900,True
61,97,5917,158,34094893,31382404,31382404,True
61,101,6161,162,36979761,34082244,34082244,True
61,103,6283,164,38466127,35473936,35473936,True
61,107,6527,168,41526723,38340864,38340864,True
61,109,6649,170,43100953,39816100,39816100,True
61,113,6893,174,46337277,42850116,42850116,True
61,127,7747,188,58586983,54346384,54346384,True
61,131,7991,192,62350491,57881664,57881664,True
61,137,8357,198,68215413,63393444,63393444,True
61,139,8479,200,70228963,65286400,65286400,True
61,149,9089,210,80736033,75168900,75168900,True
61,151,9211,212,82925311,77228944,77228944,True
61,157,9577,218,89668873,83576164,83576164,True
61,163,9943,224,96676027,90174016,90174016,True
61,167,10187,228,101493903,94711824,94711824,True
61,173,10553,234,108940377,101727396,101727396,True
61,179,10919,240,116650443,108993600,108993600,True
61,181,11041,242,119279041,111471364,111471364,True
61,191,11651,252,132861351,124277904,124277904,True
61,193,11773,254,135665677,126922756,126922756,True
61,197,12017,258,141362193,132296004,132296004,True
61,199,12139,260,144254383,135024400,135024400,True
61,211,12871,272,162222571,151979584,151979584,True
61,223,13603,284,181245127,169937296,169937296,True
61,227,13847,288,187820283,176145984,176145984,True
61,229,13969,290,191151793,179292100,179292100,True
61,233,14213,294,197902677,185667876,185667876,True
61,239,14579,300,208248663,195440400,195440400,True
61,241,14701,302,211755901,198753604,198753604,True
61,251,15311,312,229731411,215737344,215737344,True
61,257,15677,318,240868173,226261764,226261764,True
61,263,16043,324,252268527,237036816,237036816,True
61,269,16409,330,263932473,248062500,248062500,True
61,271,16531,332,267879031,251793424,251793424,True
61,277,16897,338,279894433,263153284,263153284,True
61,281,17141,342,288051141,270865764,270865764,True
61,283,17263,344,292173427,274763776,274763776,True
61,293,17873,354,313224177,294671556,294671556,True
67,71,4757,138,21986733,20088324,20088324,True
67,73,4891,140,23251711,21270544,21270544,True
67,79,5293,146,27258949,25020004,25020004,True
67,83,5561,150,30107361,27688644,27688644,True
67,89,5963,156,34645359,31945104,31945104,True
67,97,6499,164,41191399,38093584,38093584,True
67,101,6767,168,44676723,41370624,41370624,True
67,103,6901,170,46472461,43059844,43059844,True
67,107,7169,174,50170089,46539684,46539684,True
67,109,7303,176,52071979,48330304,48330304,True
67,113,7571,180,55981911,52012944,52012944,True
67,127,8509,194,70781269,65966884,65966884,True
67,131,8777,198,75328113,70257924,70257924,True
67,137,9179,204,82413759,76947984,76947984,True
67,139,9313,206,84846409,79245604,79245604,True
67,149,9983,216,97540419,91240704,91240704,True
67,151,10117,218,100185373,93741124,93741124,True
67,157,10519,224,108332539,101445184,101445184,True
67,163,10921,230,116798161,109453444,109453444,True
67,167,11189,234,122618829,114961284,114961284,True
67,173,11591,240,131615211,123476544,123476544,True
67,179,11993,246,140930049,132296004,132296004,True
67,181,12127,248,144105763,135303424,135303424,True
67,191,12797,258,160515093,150847524,150847524,True
67,193,12931,260,163903111,154057744,154057744,True
67,197,13199,264,170785299,160579584,160579584,True
67,199,13333,266,174279469,163891204,163891204,True
67,211,14137,278,195987553,184470724,184470724,True
67,223,14941,290,218969461,206267044,206267044,True
67,227,15209,294,226913169,213802884,213802884,True
67,229,15343,296,230938099,217621504,217621504,True
67,233,15611,300,239094111,225360144,225360144,True
67,239,16013,306,251593509,237221604,237221604,True
67,241,16147,308,255830743,241243024,241243024,True
67,251,16817,318,277547673,261857124,261857124,True
67,257,17219,324,291002439,274631184,274631184,True
67,263,17621,330,304775661,287709444,287709444,True
67,269,18023,336,318867339,301091904,301091904,True
67,271,18157,338,323635333,305620324,305620324,True
67,277,18559,344,338151619,319408384,319408384,True
67,281,18827,348,348006063,328769424,328769424,True
67,283,18961,350,352986361,333500644,333500644,True
67,293,19631,360,378418611,357663744,357663744,True
71,73,5183,144,26132547,23970816,23970816,True
71,79,5609,150,30636273,28196100,28196100,True
71,83,5893,154,33837597,31203396,31203396,True
71,89,6319,160,38937843,36000000,36000000,True
71,97,6887,168,46294923,42928704,42928704,True
71,101,7171,172,50212071,46621584,46621584,True
71,103,7313,174,52230297,48525156,48525156,True
71,107,7597,178,56386053,52446564,52446564,True
71,109,7739,180,58523583,54464400,54464400,True
71,113,8023,184,62917947,58614336,58614336,True
71,127,9017,198,79550913,74338884,74338884,True
71,131,9301,202,84661101,79174404,79174404,True
71,137,9727,208,92624643,86713344,86713344,True
71,139,9869,210,95358693,89302500,89302500,True
71,149,10579,220,109625463,102819600,102819600,True
71,151,10721,222,112598121,105637284,105637284,True
71,157,11147,228,121754703,114318864,114318864,True
71,163,11573,234,131269197,123343236,123343236,True
71,167,11857,238,137811033,129549924,129549924,True
71,173,12283,244,147922047,139145616,139145616,True
71,179,12709,250,158390973,149084100,149084100,True
71,181,12851,252,161960151,152473104,152473104,True
71,191,13561,262,180402561,169989444,169989444,True
71,193,13703,264,184210347,173606976,173606976,True
71,197,13987,268,191945223,180956304,180956304,True
71,199,14129,270,195872313,184688100,184688100,True
71,211,14981,282,220269981,207878724,207878724,True
71,223,15833,294,246099297,232440516,232440516,True
71,227,16117,298,255027213,240932484,240932484,True
71,229,16259,300,259550823,245235600,245235600,True
71,233,16543,304,268717347,253956096,253956096,True
71,239,16969,310,282765393,267322500,267322500,True
71,241,17111,312,287527611,271854144,271854144,True
71,251,17821,322,311935221,295083684,295083684,True
71,257,18247,328,327057003,309478464,309478464,True
71,263,18673,334,342536697,324216036,324216036,True
71,269,19099,340,358374303,339296400,339296400,True
71,271,19241,342,363733041,344399364,344399364,True
71,277,19667,348,380047863,359936784,359936784,True
71,281,19951,352,391123251,370485504,370485504,True
71,283,20093,354,396720597,375816996,375816996,True
71,293,20803,364,425303847,403045776,403045776,True
73,79,5767,152,32398891,29855296,29855296,True
73,83,6059,156,35784399,33039504,33039504,True
73,89,6497,162,41178081,38118276,38118276,True
73,97,7081,170,48958441,45454564,45454564,True
73,101,7373,174,53100957,49364676,49364676,True
73,103,7519,176,55235299,51380224,51380224,True
73,107,7811,180,59630151,55532304,55532304,True
73,109,7957,182,61890661,57668836,57668836,True
73,113,8249,186,66537849,62062884,62062884,True
73,127,9271,200,84127771,78712384,78712384,True
73,131,9563,204,89531967,83832336,83832336,True
73,137,10001,210,97953681,91814724,91814724,True
73,139,10147,212,100845031,94556176,94556176,True
73,149,10877,222,115932621,108868356,108868356,True
73,151,11023,224,119076307,111851776,111851776,True
73,157,11461,230,128759701,121044004,121044004,True
73,163,11899,236,138821599,130599184,130599184,True
73,167,12191,240,145739811,137170944,137170944,True
73,173,12629,246,156432549,147331044,147331044,True
73,179,13067,252,167503791,157854096,157854096,True
73,181,13213,254,171278317,161442436,161442436,True
73,191,13943,264,190781787,179989056,179989056,True
73,193,14089,266,194808649,183819364,183819364,True
73,197,14381,270,202988541,191600964,191600964,True
73,199,14527,272,207141571,195552256,195552256,True
73,211,15403,284,232942927,220106896,220106896,True
73,223,16279,296,260258299,246113344,246113344,True
73,227,16571,300,269699871,255104784,255104784,True
73,229,16717,302,274483741,259660996,259660996,True
73,233,17009,306,284177649,268894404,268894404,True
73,239,17447,312,299033931,283046976,283046976,True
73,241,17593,314,304070137,287845156,287845156,True
73,251,18323,324,329882007,312440976,312440976,True
73,257,18761,330,345873801,327682404,327682404,True
73,263,19199,336,362244099,343286784,343286784,True
73,269,19637,342,378992901,359254116,359254116,True
73,271,19783,344,384659947,364657216,364657216,True
73,277,20221,350,401913421,381108484,381108484,True
73,281,20513,354,413626017,392277636,392277636,True
73,283,20659,356,419545399,397922704,397922704,True
73,293,21389,366,449773149,426752964,426752964,True
79,83,6557,162,41951541,38862756,38862756,True
79,89,7031,168,48274779,44836416,44836416,True
79,97,7663,176,57396019,53465344,53465344,True
79,101,7979,180,62252463,58064400,58064400,True
79,103,8137,182,64754641,60435076,60435076,True
79,107,8453,186,69906909,65318724,65318724,True
79,109,8611,188,72556999,67831696,67831696,True
79,113,8927,192,78005091,72999936,72999936,True
79,127,10033,206,98626489,92582884,92582884,True
79,131,10349,210,104962053,98604900,98604900,True
79,137,10823,216,114835179,107993664,107993664,True
79,139,10981,218,118224829,111218116,111218116,True
79,149,11771,228,135912639,128051856,128051856,True
79,151,11929,230,139598113,131560900,131560900,True
79,157,12403,236,150950359,142372624,142372624,True
79,163,12877,242,162746341,153611236,153611236,True
79,167,13193,246,170856849,161340804,161340804,True
79,173,13667,252,183392391,173290896,173290896,True
79,179,14141,258,196371669,185667876,185667876,True
79,181,14299,260,200796703,189888400,189888400,True
79,191,15089,270,223661433,211702500,211702500,True
79,193,15247,272,228382291,216207616,216207616,True
79,197,15563,276,237971919,225360144,225360144,True
79,199,15721,278,242840689,230007556,230007556,True
79,211,16669,290,273088693,258888100,258888100,True
79,223,17617,302,305111641,289476196,289476196,True
79,227,17933,306,316180389,300051684,300051684,True
79,229,18091,308,321788719,305410576,305410576,True
79,233,18407,312,333153291,316270656,316270656,True
79,239,18881,318,350569929,332916516,332916516,True
79,241,19039,320,356474083,338560000,338560000,True
79,251,19829,330,386734413,367488900,367488900,True
79,257,20303,336,405482259,385415424,385415424,True
79,263,20777,342,424673841,403768836,403768836,True
79,269,21251,348,444309159,422549136,422549136,True
79,271,21409,350,450952873,428904100,428904100,True
79,277,21883,356,471179839,448253584,448253584,True
79,281,22199,360,484911003,461390400,461390400,True
79,283,22357,362,491850541,468029956,468029956,True
79,293,23147,372,527287791,501939216,501939216,True
83,89,7387,172,53319231,49617936,49617936,True
83,97,8051,180,63393591,59166864,59166864,True
83,101,8383,184,68757507,64256256,64256256,True
83,103,8549,186,71521149,66879684,66879684,True
83,107,8881,190,77211801,72284004,72284004,True
83,109,9047,192,80138811,75064896,75064896,True
83,113,9379,196,86156199,80784144,80784144,True
83,127,10541,210,108932421,102454884,102454884,True
83,131,10873,214,115930017,109118916,109118916,True
83,137,11371,220,126834831,119508624,119508624,True
83,139,11537,222,130578681,123076836,123076836,True
83,149,12367,232,150114771,141705216,141705216,True
83,151,12533,234,154185357,145588356,145588356,True
83,157,13031,240,166723851,157552704,157552704,True
83,163,13529,246,179752449,169989444,169989444,True
83,167,13861,250,188710461,178543044,178543044,True
83,173,14359,256,202555899,191767104,191767104,True
83,179,14857,262,216891441,205463556,205463556,True
83,181,15023,264,221778867,210134016,210134016,True
83,191,15853,274,247032837,234273636,234273636,True
83,193,16019,276,252246999,239259024,239259024,True
83,197,16351,280,262838691,249387264,249387264,True
83,199,16517,282,268216221,254530116,254530116,True
83,211,17513,294,301624977,286489476,286489476,True
83,223,18509,306,336994149,320338404,320338404,True
83,227,18841,310,349219521,332041284,332041284,True
83,229,19007,312,355413891,337971456,337971456,True
83,233,19339,316,367965999,349989264,349989264,True
83,239,19837,322,387202581,368409636,368409636,True
83,241,20003,324,393723687,374654736,374654736,True
83,251,20833,334,427146057,406667556,406667556,True
83,257,21331,340,447852951,426505104,426505104,True
83,263,21829,346,469049949,446815044,446815044,True
83,269,22327,352,490737051,467597376,467597376,True
83,271,22493,354,498074997,474629796,474629796,True
83,277,22991,360,520415571,496041984,496041984,True
83,281,23323,364,535581567,510579216,510579216,True
83,283,23489,366,543246249,517926564,517926564,True
83,293,24319,376,582386499,555450624,555450624,True
89,97,8633,186,72948729,68260644,68260644,True
89,101,8989,190,79121133,74132100,74132100,True
89,103,9167,192,82301331,77158656,77158656,True
89,107,9523,196,88849719,83393424,83393424,True
89,109,9701,198,92217909,86601636,86601636,True
89,113,10057,202,99142281,93199716,93199716,True
89,127,11303,216,125351499,118200384,118200384,True
89,131,11659,220,133403823,125888400,125888400,True
89,137,12193,226,145952289,137874564,137874564,True
89,139,12371,228,150260439,141991056,141991056,True
89,149,13261,238,172741149,163481796,163481796,True
89,151,13439,240,177425283,167961600,167961600,True
89,157,13973,246,191853669,181764324,181764324,True
89,163,14507,252,206846031,196112016,196112016,True
89,167,14863,256,217154259,205979904,205979904,True
89,173,15397,262,233086581,221235876,221235876,True
89,179,15931,268,249582879,237036816,237036816,True
89,181,16109,270,255206973,242424900,242424900,True
89,191,16999,280,284267403,270273600,270273600,True
89,193,17177,282,290267481,276024996,276024996,True
89,197,17533,286,302455629,287709444,287709444,True
89,199,17711,288,308643699,293642496,293642496,True
89,211,18779,300,347088063,330512400,330512400,True
89,223,19847,312,387788331,369562176,369562176,True
89,227,20203,316,401856399,383063184,383063184,True
89,229,20381,318,408984429,389904516,389904516,True
89,233,20737,322,423428481,403768836,403768836,True
89,239,21271,328,445564539,425019456,425019456,True
89,241,21449,330,453068553,432224100,432224100,True
89,251,22339,340,491528583,469155600,469155600,True
89,257,22873,346,515356569,492041124,492041124,True
89,263,23407,352,539748531,515471616,515471616,True
89,269,23941,358,564704469,539447076,539447076,True
89,271,24119,360,573148443,547560000,547560000,True
89,277,24653,366,598856349,572262084,572262084,True
89,281,25009,370,616308273,589032900,589032900,True
89,283,25187,372,625128231,597509136,597509136,True
89,293,26077,382,670167981,640798596,640798596,True
97,101,9797,198,94070613,88397604,88397604,True
97,103,9991,200,97851691,92006464,92006464,True
97,107,10379,204,105637359,99440784,99440784,True
97,109,10573,206,109641949,103266244,103266244,True
97,113,10961,210,117874641,111133764,111133764,True
97,127,12319,224,149035939,140944384,140944384,True
97,131,12707,228,158609703,150111504,150111504,True
97,137,13289,234,173529129,164403684,164403684,True
97,139,13483,236,178651279,169312144,169312144,True
97,149,14453,246,205379589,194937444,194937444,True
97,151,14647,248,210948763,200279104,200279104,True
97,157,15229,254,228103309,216737284,216737284,True
97,163,15811,260,245928391,233845264,233845264,True
97,167,16199,264,258184299,245611584,245611584,True
97,173,16781,270,277126941,263802564,263802564,True
97,179,17363,276,296740119,282643344,282643344,True
97,181,17557,278,303426853,289068004,289068004,True
97,191,18527,288,337978083,322274304,322274304,True
97,193,18721,290,345111841,329132164,329132164,True
97,197,19109,294,359602869,343064484,343064484,True
97,199,19303,296,366960139,350138944,350138944,True
97,211,20467,308,412668343,394101904,394101904,True
97,223,21631,320,461058691,440664064,440664064,True
97,227,22019,324,477784839,456762384,456762384,True
97,229,22213,326,486259669,464919844,464919844,True
97,233,22601,330,503432841,481451364,481451364,True
97,239,23183,336,529751379,506790144,506790144,True
97,241,23377,338,538673233,515380804,515380804,True
97,251,24347,348,584400063,559417104,559417104,True
97,257,24929,354,612730209,586705284,586705284,True
97,263,25511,360,641730891,614643264,614643264,True
97,269,26093,366,671402109,643231044,643231044,True
97,271,26287,368,681441523,652904704,652904704,True
97,277,26869,374,712006789,682358884,682358884,True
97,281,27257,378,732756153,702356004,702356004,True
97,283,27451,380,743242591,712462864,712462864,True
97,293,28421,390,796792341,764080164,764080164,True
101,103,10403,204,106131207,99920016,99920016,True
101,107,10807,208,114575643,107993664,107993664,True
101,109,11009,210,118919073,112148100,112148100,True
101,113,11413,214,127848357,120692196,120692196,True
101,127,12827,228,161646303,153066384,153066384,True
101,131,13231,232,172030131,163021824,163021824,True
101,137,13837,238,188211933,178543044,178543044,True
101,139,14039,240,193767483,183873600,183873600,True
101,149,15049,250,222757353,211702500,211702500,True
101,151,15251,252,228797751,217503504,217503504,True
101,157,15857,258,247403793,235376964,235376964,True
101,163,16463,264,266737107,253956096,253956096,True
101,167,16867,268,280030023,266734224,266734224,True
101,173,17473,274,300575457,286489476,286489476,True
101,179,18079,280,321848163,306950400,306950400,True
101,181,18281,282,329100681,313927524,313927524,True
101,191,19291,292,366575391,349989264,349989264,True
101,193,19493,294,374312757,357436836,357436836,True
101,197,19897,298,390029913,372567204,372567204,True
101,199,20099,300,398009703,380250000,380250000,True
101,211,21311,312,447585411,427993344,427993344,True
101,223,22523,324,500070207,478559376,478559376,True
101,227,22927,328,518211603,496041984,496041984,True
101,229,23129,330,527403513,504900900,504900900,True
101,233,23533,334,546029757,522853956,522853956,True
101,239,24139,340,574575183,550371600,550371600,True
101,241,24341,342,584251941,559700964,559700964,True
101,251,25351,352,633847851,607523904,607523904,True
101,257,25957,358,664575093,637158564,637158564,True
101,263,26563,364,696029607,667498896,667498896,True
101,269,27169,370,728211393,698544900,698544900,True
101,271,27371,372,739100271,709050384,709050384,True
101,277,27977,378,772251753,741037284,741037284,True
101,281,28381,382,794756781,762753924,762753924,True
101,283,28583,384,806130507,773729856,773729856,True
101,293,29593,394,864211257,829785636,829785636,True
103,107,11021,210,119180901,112402404,112402404,True
103,109,11227,212,123698911,116726416,116726416,True
103,113,11639,216,132987099,125619264,125619264,True
103,127,13081,230,168143521,159314884,159314884,True
103,131,13493,234,178944717,169676676,169676676,True
103,137,14111,240,195776931,185831424,185831424,True
103,139,14317,242,201555781,191379556,191379556,True
103,149,15347,252,231710871,220344336,220344336,True
103,151,15553,254,237994057,226382116,226382116,True
103,157,16171,260,257347951,244985104,244985104,True
103,163,16789,266,277458349,264322564,264322564,True
103,167,17201,270,291285561,277622244,277622244,True
103,173,17819,276,312656799,298183824,298183824,True
103,179,18437,282,334784541,319479876,319479876,True
103,181,18643,284,342328567,326741776,326741776,True
103,191,19673,294,381309537,364275396,364275396,True
103,193,19879,296,389357899,372026944,372026944,True
103,197,20291,300,405706791,387774864,387774864,True
103,199,20497,302,414007321,395771236,395771236,True
103,211,21733,314,465575677,445463236,445463236,True
103,223,22969,326,520170049,498093124,498093124,True
103,227,23381,330,539040621,516289284,516289284,True
103,229,23587,332,548601991,525509776,525509776,True
103,233,23999,336,567976899,544195584,544195584,True
103,239,24617,342,597669681,572836356,572836356,True
103,241,24823,344,607735387,582546496,582546496,True
103,251,25853,354,659324757,632321316,632321316,True
103,257,26471,360,691287051,663165504,663165504,True
103,263,27089,366,724005849,694744164,694744164,True
103,269,27707,372,757481151,727057296,727057296,True
103,271,27913,374,768807697,737991556,737991556,True
103,277,28531,380,803291671,771283984,771283984,True
103,281,28943,384,826701267,793886976,793886976,True
103,283,29149,386,838532149,805310884,805310884,True
103,293,30179,396,898947399,863654544,863654544,True
107,109,11663,216,133541139,126157824,126157824,True
107,113,12091,220,143568351,135769104,135769104,True
107,127,13589,234,181522029,172186884,172186884,True
107,131,14017,238,193182633,183385764,183385764,True
107,137,14659,244,211354119,200845584,200845584,True
107,139,14873,246,217592769,206841924,206841924,True
107,149,15943,256,250147179,238146624,238146624,True
107,151,16157,258,256930293,244672164,244672164,True
107,157,16799,264,277824099,264777984,264777984,True
107,163,17441,270,299534601,285677604,285677604,True
107,167,17869,274,314461989,300051684,300051684,True
107,173,18511,280,337533651,322274304,322274304,True
107,179,19153,286,361422009,345290724,345290724,True
107,181,19367,288,369566283,353139264,353139264,True
107,191,20437,298,411648813,393704964,393704964,True
107,193,20651,300,420337551,402082704,402082704,True
107,197,21079,304,437987259,419102784,419102784,True
107,199,21293,306,446948229,427745124,427745124,True
107,211,22577,318,502619673,481451364,481451364,True
107,223,23861,330,561557901,538332804,538332804,True
107,227,24289,334,581929929,557998884,557998884,True
107,229,24503,336,592252059,567964224,567964224,True
107,233,24931,340,613168551,588159504,588159504,True
107,239,25573,346,645223869,619113924,619113924,True
107,241,25787,348,656090463,629608464,629608464,True
107,251,26857,358,711784593,683404164,683404164,True
107,257,27499,364,746289999,716739984,716739984,True
107,263,28141,370,781612101,750869604,750869604,True
107,269,28783,376,817750899,785793024,785793024,True
107,271,28997,378,829978653,797610564,797610564,True
107,277,29639,384,867206379,833592384,833592384,True
107,281,30067,388,892478583,858021264,858021264,True
107,283,30281,390,905250801,870368004,870368004,True
107,293,31351,400,970473051,933424704,933424704,True
109,113,12317,222,149010861,140991876,140991876,True
109,127,13843,236,188403319,178810384,178810384,True
109,131,14279,240,200505963,190440000,190440000,True
109,137,14933,246,219366309,208571364,208571364,True
109,139,15151,248,225841459,214798336,214798336,True
109,149,16241,258,259629969,247307076,247307076,True
109,151,16459,260,266670223,254083600,254083600,True
109,157,17113,266,288356089,274962724,274962724,True
109,163,17767,272,310889611,296666176,296666176,True
109,167,18203,276,326382879,311593104,311593104,True
109,173,18857,282,350329161,334670436,334670436,True
109,179,19511,288,375123099,358572096,358572096,True
109,181,19729,290,383576113,366722500,366722500,True
109,191,20819,300,427253943,408848400,408848400,True
109,193,21037,302,436272061,417548356,417548356,True
109,197,21473,306,454590849,435223044,435223044,True
109,199,21691,308,463891519,444197776,444197776,True
109,211,22999,320,521673403,499969600,499969600,True
109,223,24307,332,582845911,559038736,559038736,True
109,227,24743,336,603990219,579461184,579461184,True
109,229,24961,338,614703649,589809796,589809796,True
109,233,25397,342,636413061,610781796,610781796,True
109,239,26051,348,669683559,642926736,642926736,True
109,241,26269,350,680962093,653824900,653824900,True
109,251,27359,360,738767523,709689600,709689600,True
109,257,28013,366,774580989,744307524,744307524,True
109,263,28667,372,811242111,779749776,779749776,True
109,269,29321,378,848750889,816016356,816016356,True
109,271,29539,380,861442183,828288400,828288400,True
109,277,30193,386,900081169,865654084,865654084,True
109,281,30629,390,926311413,891022500,891022500,True
109,283,30847,392,939567811,903844096,903844096,True
109,293,31937,402,1007262561,969325956,969325956,True
113,127,14351,240,202549971,192432384,192432384,True
113,131,14803,244,215561367,204947856,204947856,True
113,137,15481,250,235837881,224460324,224460324,True
113,139,15707,252,242799231,231161616,231161616,True
113,149,16837,262,279124821,266146596,266146596,True
113,151,17063,264,286693707,273439296,273439296,True
113,157,17741,270,310007901,295908804,295908804,True
113,163,18419,276,334233399,319265424,319265424,True
113,167,18871,280,350890011,335329344,335329344,True
113,173,19549,286,376634349,360164484,360164484,True
113,179,20227,292,403289991,385886736,385886736,True
113,181,20453,294,412377717,394657956,394657956,True
113,191,21583,304,459335187,439992576,439992576,True
113,193,21809,306,469030449,449355204,449355204,True
113,197,22261,310,488724741,468376164,468376164,True
113,199,22487,312,498723771,478034496,478034496,True
113,211,23843,324,560844327,538054416,538054416,True
113,223,25199,336,626610099,601622784,601622784,True
113,227,25651,340,649342071,623600784,623600784,True
113,229,25877,342,660859941,634737636,634737636,True
113,233,26329,346,684199449,657307044,657307044,True
113,239,27007,352,719968131,691900416,691900416,True
113,241,27233,354,732093537,703628676,703628676,True
113,251,28363,364,794239407,763748496,763748496,True
113,257,29041,370,832742001,801003204,801003204,True
113,263,29719,376,872155899,839145024,839145024,True
113,269,30397,382,912481101,878173956,878173956,True
113,271,30623,384,926125347,891380736,891380736,True
113,277,31301,390,967665621,931592484,931592484,True
113,281,31753,394,995865417,958893156,958893156,True
113,283,31979,396,1010117199,972691344,972691344,True
113,293,33109,406,1082894949,1043160804,1043160804,True
127,131,16637,258,272547093,259918884,259918884,True
127,137,17399,264,298183899,284664384,284664384,True
127,139,17653,266,306985549,293162884,293162884,True
127,149,18923,276,352914159,337530384,337530384,True
127,151,19177,278,362483953,346778884,346778884,True
127,157,19939,284,391961479,375274384,375274384,True
127,163,20701,290,422591221,404894884,404894884,True
127,167,21209,294,443651169,425266884,425266884,True
127,173,21971,300,476201271,456762384,456762384,True
127,179,22733,306,509903589,489382884,489382884,True
127,181,22987,308,521393743,500506384,500506384,True
127,191,24257,318,580764873,557998884,557998884,True
127,193,24511,320,593023171,569872384,569872384,True
127,197,25019,324,617923839,593994384,593994384,True
127,199,25273,326,630566209,606242884,606242884,True
127,211,26797,338,709108933,682358884,682358884,True
127,223,28321,350,792260521,762974884,762974884,True
127,227,28829,354,821001909,790846884,790846884,True
127,229,29083,356,835564639,804970384,804970384,True
127,233,29591,360,865074171,833592384,833592384,True
127,239,30353,366,910298649,877462884,877462884,True
127,241,30607,368,925629523,892336384,892336384,True
127,251,31877,378,1004204253,968578884,968578884,True
127,257,32639,384,1052885379,1015824384,1015824384,True
127,263,33401,390,1102718721,1064194884,1064194884,True
127,269,34163,396,1153704279,1113690384,1113690384,True
127,271,34417,398,1170955513,1130438884,1130438884,True
127,277,35179,404,1223477359,1181434384,1181434384,True
127,281,35687,408,1259132043,1216056384,1216056384,True
127,283,35941,410,1277151421,1233554884,1233554884,True
127,293,37211,420,1369168671,1322922384,1322922384,True
131,137,17947,268,317338623,303177744,303177744,True
131,139,18209,270,326705673,312228900,312228900,True
131,149,19519,280,375584643,359481600,359481600,True
131,151,19781,282,385769181,369331524,369331524,True
131,157,20567,288,417140283,399680064,399680064,True
131,163,21353,294,449737617,431226756,431226756,True
131,167,21877,298,472150413,452923524,452923524,True
131,173,22663,304,506791467,486467136,486467136,True
131,179,23449,310,542658753,521208900,521208900,True
131,181,23711,312,554887011,533055744,533055744,True
131,191,25021,322,618072021,594286884,594286884,True
131,193,25283,324,631117767,606932496,606932496,True
131,197,25807,328,657618003,632623104,632623104,True
131,199,26069,330,671072493,645668100,645668100,True
131,211,27641,342,754660641,726733764,726733764,True
131,223,29213,354,843153717,812592036,812592036,True
131,227,29737,358,873741393,842276484,842276484,True
131,229,29999,360,889239603,857318400,857318400,True
131,233,30523,364,920644767,887801616,887801616,True
131,239,31309,370,968774373,934524900,934524900,True
131,241,31571,372,985090071,950365584,950365584,True
131,251,32881,382,1068712281,1031565924,1031565924,True
131,257,33667,388,1120520583,1081883664,1081883664,True
131,263,34453,394,1173555117,1133399556,1133399556,True
131,269,35239,400,1227815883,1186113600,1186113600,True
131,271,35501,402,1246175301,1203951204,1203951204,True
131,277,36287,408,1302071043,1258262784,1258262784,True
131,281,36811,412,1340016111,1295136144,1295136144,True
131,283,37073,414,1359193017,1313772516,1313772516,True
131,293,38383,424,1457121267,1408951296,1408951296,True
137,139,19043,276,357436839,341954064,341954064,True
137,149,20413,286,410913549,393704964,393704964,True
137,151,20687,288,422056083,404492544,404492544,True
137,157,21509,294,456378069,437730084,437730084,True
137,163,22331,300,492041631,472279824,472279824,True
137,167,22879,304,516562659,496041984,496041984,True
137,173,23701,310,554462181,532778724,532778724,True
137,179,24523,316,593703279,570827664,570827664,True
137,181,24797,318,607081773,583802244,583802244,True
137,191,26167,328,676210203,650862144,650862144,True
137,193,26441,330,690483081,664711524,664711524,True
137,197,26989,334,719476029,692847684,692847684,True
137,199,27263,336,734196099,707134464,707134464,True
137,211,28907,348,825646863,795916944,795916944,True
137,223,30551,360,922463931,889948224,889948224,True
137,227,31099,364,955928799,922458384,922458384,True
137,229,31373,366,972884829,938932164,938932164,True
137,233,31921,370,1007244081,972317124,972317124,True
137,239,32743,376,1059900939,1023488064,1023488064,True
137,241,33017,378,1077751353,1040836644,1040836644,True
137,251,34387,388,1169239383,1129766544,1129766544,True
137,257,35209,394,1225920969,1184874084,1184874084,True
137,263,36031,400,1283944131,1241293824,1241293824,True
137,269,36853,406,1343308869,1299025764,1299025764,True
137,271,37127,408,1363395243,1318561344,1318561344,True
137,277,37949,414,1424548749,1378042884,1378042884,True
137,281,38497,418,1466063073,1418426244,1418426244,True
137,283,38771,420,1487043831,1438836624,1438836624,True
137,293,40141,430,1594183581,1543075524,1543075524,True
139,149,20711,288,423042699,405458496,405458496,True
139,151,20989,290,434514133,416568100,416568100,True
139,157,21823,296,469849219,450797824,450797824,True
139,163,22657,302,506565481,486378916,486378916,True
139,167,23213,306,531810309,510850404,510850404,True
139,173,24047,312,570828531,548683776,548683776,True
139,179,24881,318,611227929,587868516,587868516,True
139,181,25159,320,625001323,601230400,601230400,True
139,191,26549,330,696170253,670292100,670292100,True
139,193,26827,332,710864431,684554896,684554896,True
139,197,27383,336,740713179,713530944,713530944,True
139,199,27661,338,755867749,728244196,728244196,True
139,211,29329,350,850017913,819676900,819676900,True
139,223,30997,362,949692781,916515076,916515076,True
139,227,31553,366,984145449,949995684,949995684,True
139,229,31831,368,1001601979,966961216,966961216,True
139,233,32387,372,1036975431,1001342736,1001342736,True
139,239,33221,378,1091186589,1054041156,1054041156,True
139,241,33499,380,1109563903,1071907600,1071907600,True
139,251,34889,390,1203752433,1163492100,1163492100,True
139,257,35723,396,1262107119,1220244624,1220244624,True
139,263,36557,402,1321842981,1278348516,1278348516,True
139,269,37391,408,1382960019,1337803776,1337803776,True
139,271,37669,410,1403639293,1357922500,1357922500,True
139,277,38503,416,1466597899,1419179584,1419179584,True
139,281,39059,420,1509337623,1460768400,1460768400,True
139,283,39337,422,1530937681,1481788036,1481788036,True
139,293,40727,432,1641239931,1589138496,1589138496,True
149,151,22499,300,499522503,479610000,479610000,True
149,157,23393,306,540144129,519019524,519019524,True
149,163,24287,312,582353571,559984896,559984896,True
149,167,24883,316,611375319,588159504,588159504,True
149,173,25777,322,656231121,631717956,631717956,True
149,179,26671,328,702674739,676832256,676832256,True
149,181,26969,330,718508793,692216100,692216100,True
149,191,28459,340,800325423,771728400,771728400,True
149,193,28757,342,817218021,788149476,788149476,True
149,197,29353,346,851532489,821510244,821510244,True
149,199,29651,348,868954359,838449936,838449936,True
149,211,31439,360,977190483,943718400,943718400,True
149,223,33227,372,1091777871,1055210256,1055210256,True
149,227,33823,376,1131385059,1093757184,1093757184,True
149,229,34121,378,1151453289,1113289956,1113289956,True
149,233,34717,382,1192119021,1152874116,1152874116,True
149,239,35611,388,1254440799,1213546896,1213546896,True
149,241,35909,390,1275567573,1234116900,1234116900,True
149,251,37399,400,1383847803,1339560000,1339560000,True
149,257,38293,406,1450933029,1404900324,1404900324,True
149,263,39187,412,1519606071,1471796496,1471796496,True
149,269,40081,418,1589866929,1540248516,1540248516,True
149,271,40379,420,1613640063,1563411600,1563411600,True
149,277,41273,426,1686018009,1633938084,1633938084,True
149,281,41869,430,1735152093,1681820100,1681820100,True
149,283,42167,432,1759983771,1706020416,1706020416,True
149,293,43657,442,1886788521,1829615076,1829615076,True
151,157,23707,308,554790943,533240464,533240464,True
151,163,24613,314,598144957,575328196,575328196,True
151,167,25217,318,627953673,604274724,604274724,True
151,173,26123,324,674025807,649026576,649026576,True
151,179,27029,330,721728813,695376900,695376900,True
151,181,27331,332,737992231,711182224,711182224,True
151,191,28841,342,822027441,792872964,792872964,True
151,193,29143,344,839378107,809743936,809743936,True
151,197,29747,348,874623063,844018704,844018704,True
151,199,30049,350,892517353,861422500,861422500,True
151,211,31861,362,1003688461,969575044,969575044,True
151,223,33673,374,1121383057,1084121476,1084121476,True
151,227,34277,378,1162064253,1123724484,1123724484,True
151,229,34579,380,1182676663,1143792400,1143792400,True
151,233,35183,384,1224445107,1184461056,1184461056,True
151,239,36089,390,1288456833,1246796100,1246796100,True
151,241,36391,392,1310156491,1267929664,1267929664,True
151,251,37901,402,1421372901,1376261604,1376261604,True
151,257,38807,408,1490277243,1443392064,1443392064,True
151,263,39713,414,1560812457,1512120996,1512120996,True
151,269,40619,420,1632978543,1582448400,1582448400,True
151,271,40921,422,1657396321,1606246084,1606246084,True
151,277,41827,428,1731736903,1678704784,1678704784,True
151,281,42431,432,1782203331,1727898624,1727898624,True
151,283,42733,434,1807708357,1752761956,1752761956,True
151,293,44243,444,1937951607,1879742736,1879742736,True
157,163,25591,320,646786651,622602304,622602304,True
157,167,26219,324,679019439,653927184,653927184,True
157,173,27161,330,728838201,702356004,702356004,True
157,179,28103,336,780420459,752514624,752514624,True
157,181,28417,338,798006433,769618564,769618564,True
157,191,29987,348,888875463,858021264,858021264,True
157,193,30301,350,907637101,876278404,876278404,True
157,197,30929,354,945748209,913369284,913369284,True
157,199,31243,356,965097679,932203024,932203024,True
157,211,33127,368,1085309323,1049241664,1049241664,True
157,223,35011,380,1212574951,1173199504,1173199504,True
157,227,35639,384,1256564379,1216056384,1216056384,True
157,229,35953,386,1278853009,1237773124,1237773124,True
157,233,36581,390,1324018101,1281783204,1281783204,True
157,239,37523,396,1393235319,1349239824,1349239824,True
157,241,37837,398,1416699613,1372109764,1372109764,True
157,251,39407,408,1536960243,1489342464,1489342464,True
157,257,40349,414,1611467949,1561988484,1561988484,True
157,263,41291,420,1687739151,1636364304,1636364304,True
157,269,42233,426,1765773849,1712469924,1712469924,True
157,271,42547,428,1792177303,1738222864,1738222864,True
157,277,43489,434,1872563329,1816634884,1816634884,True
157,281,44117,438,1927133733,1869870564,1869870564,True
157,283,44431,440,1954712851,1896776704,1896776704,True
157,293,46001,450,2095547601,2034190404,2034190404,True
163,167,27221,330,732081261,705539844,705539844,True
163,173,28199,336,785793099,757790784,757790784,True
163,179,29177,342,841406241,811908036,811908036,True
163,181,29503,344,860366467,830361856,830361856,True
163,191,31133,354,958336437,925741476,925741476,True
163,193,31459,356,978564199,945439504,945439504,True
163,197,32111,360,1019653491,985457664,985457664,True
163,199,32437,362,1040515021,1005777796,1005777796,True
163,211,34393,374,1170120577,1132053316,1132053316,True
163,223,36349,386,1307331349,1265794084,1265794084,True
163,227,37001,390,1354758321,1312033284,1312033284,True
163,229,37327,392,1378788691,1335463936,1335463936,True
163,233,37979,396,1427483199,1382947344,1382947344,True
163,239,38957,402,1502109381,1455727716,1455727716,True
163,241,39283,404,1527407287,1480402576,1480402576,True
163,251,40913,414,1657065657,1606887396,1606887396,True
163,257,41891,420,1737395751,1685266704,1685266704,True
163,263,42869,426,1819627149,1765512324,1765512324,True
163,269,43847,432,1903759851,1847624256,1847624256,True
163,271,44173,434,1932226597,1875409636,1875409636,True
163,277,45151,440,2018894371,1960009984,1960009984,True
163,281,45803,444,2077729167,2017447056,2017447056,True
163,283,46129,446,2107463449,2046476644,2046476644,True
163,293,47759,456,2259303699,2194735104,2194735104,True
167,173,28891,340,824953311,795916944,795916944,True
167,179,29893,346,883337949,852756804,852756804,True
167,181,30227,348,903243063,872139024,872139024,True
167,191,31897,358,1006095393,972317124,972317124,True
167,193,32231,360,1027331211,993006144,993006144,True
167,197,32899,364,1070468199,1035037584,1035037584,True
167,199,33233,366,1092369369,1056380004,1056380004,True
167,211,35237,378,1228433853,1189008324,1189008324,True
167,223,37241,390,1372482561,1329477444,1329477444,True
167,227,37909,394,1422273069,1378042884,1378042884,True
167,229,38243,396,1447500999,1402652304,1402652304,True
167,233,38911,400,1498622211,1452524544,1452524544,True
167,239,39913,406,1576967409,1528966404,1528966404,True
167,241,40247,408,1603526043,1554882624,1554882624,True
167,251,41917,418,1739645973,1687730724,1687730724,True
167,257,42919,424,1823979339,1770053184,1770053184,True
167,263,43921,430,1910308761,1854335844,1854335844,True
167,269,44923,436,1998634239,1940578704,1940578704,True
167,271,45257,438,2028519633,1969761924,1969761924,True
167,277,46259,444,2119506519,2058618384,2058618384,True
167,281,46927,448,2181273363,2118945024,2118945024,True
167,283,47261,450,2212489461,2149435044,2149435044,True
167,293,48931,460,2371896711,2305152144,2305152144,True
173,179,30967,352,948147291,915909696,915909696,True
173,181,31313,354,969512817,936727236,936727236,True
173,191,33043,364,1079911287,1044323856,1044323856,True
173,193,33389,366,1102705149,1066544964,1066544964,True
173,197,34081,370,1149007041,1111688964,1111688964,True
173,199,34427,372,1172515071,1134611856,1134611856,True
173,211,36503,384,1318562427,1277061696,1277061696,True
173,223,38579,396,1473179799,1427932944,1427932944,True
173,227,39271,400,1526623371,1480094784,1480094784,True
173,229,39617,402,1553702241,1506526596,1506526596,True
173,233,40309,406,1608574149,1560092004,1560092004,True
173,239,41347,412,1692667431,1642194576,1642194576,True
173,241,41693,414,1721174637,1670029956,1670029956,True
173,251,43423,424,1867281507,1812715776,1812715776,True
173,257,44461,430,1957802301,1901134404,1901134404,True
173,263,45499,436,2050465599,1991658384,1991658384,True
173,269,46537,442,2145271401,2084287716,2084287716,True
173,271,46883,444,2177349447,2115632016,2115632016,True
173,277,47921,450,2275011921,2211068484,2211068484,True
173,281,48613,454,2341310517,2275862436,2275862436,True
173,283,48959,456,2374816899,2308610304,2308610304,True
173,293,50689,466,2545919649,2475858564,2475858564,True
179,181,32399,360,1038128403,1003622400,1003622400,True
179,191,34189,370,1156340133,1118902500,1118902500,True
179,193,34547,372,1180747191,1142710416,1142710416,True
179,197,35263,376,1230326019,1191078144,1191078144,True
179,199,35621,378,1255497789,1215637956,1215637956,True
179,211,37769,390,1411881393,1368260100,1368260100,True
179,223,39917,402,1577441541,1529904996,1529904996,True
179,227,40633,406,1634667489,1585791684,1585791684,True
179,229,40991,408,1663662819,1614110976,1614110976,True
179,233,41707,412,1722418191,1671501456,1671501456,True
179,239,42781,418,1812463029,1759466916,1759466916,True
179,241,43139,420,1842987783,1789290000,1789290000,True
179,251,44929,430,1999435113,1942164900,1942164900,True
179,257,46003,436,2096362359,2036897424,2036897424,True
179,263,47077,442,2195583741,2133885636,2133885636,True
179,269,48151,448,2297099259,2233129536,2233129536,True
179,271,48509,450,2331447573,2266712100,2266712100,True
179,277,49583,456,2436021939,2368963584,2368963584,True
179,281,50299,460,2507012703,2438384400,2438384400,True
179,283,50657,462,2542890441,2473470756,2473470756,True
179,293,52447,472,2726102691,2652662016,2652662016,True
181,191,34571,372,1182397071,1144333584,1144333584,True
181,193,34933,374,1207354117,1168682596,1168682596,True
181,197,35657,378,1258050153,1218149604,1218149604,True
181,199,36019,380,1283789143,1243267600,1243267600,True
181,211,38191,392,1443696691,1399358464,1399358464,True
181,223,40363,404,1612987567,1564677136,1564677136,True
181,227,41087,408,1671503043,1621833984,1621833984,True
181,229,41449,410,1701151753,1650796900,1650796900,True
181,233,42173,414,1761231117,1709491716,1709491716,True
181,239,43259,420,1853305023,1799456400,1799456400,True
181,241,43621,422,1884517621,1829957284,1829957284,True
181,251,45431,432,2044490331,1986306624,1986306624,True
181,257,46517,438,2143601733,2083192164,2083192164,True
181,263,47603,444,2245058967,2182384656,2182384656,True
181,269,48689,450,2348862033,2283884100,2283884100,True
181,271,49051,452,2383984351,2318229904,2318229904,True
181,277,50137,458,2490915193,2422805284,2422805284,True
181,281,50861,462,2563505661,2493803844,2493803844,True
181,283,51223,464,2600191867,2529687616,2529687616,True
181,293,53033,474,2787532617,2712951396,2712951396,True
191,193,36863,384,1344835587,1302921216,1302921216,True
191,197,37627,388,1401304383,1358069904,1358069904,True
191,199,38009,390,1429974273,1386072900,1386072900,True
191,211,40301,402,1608090501,1560092004,1560092004,True
191,223,42593,414,1796658537,1744398756,1744398756,True
191,227,43357,418,1861837173,1808120484,1808120484,True
191,229,43739,420,1894861983,1840410000,1840410000,True
191,233,44503,424,1961782587,1905846336,1905846336,True
191,239,45649,430,2064340953,2006144100,2006144100,True
191,241,46031,432,2099107731,2040148224,2040148224,True
191,251,47941,442,2277296541,2214455364,2214455364,True
191,257,49087,448,2387693763,2322468864,2322468864,True
191,263,50233,454,2500703937,2433054276,2433054276,True
191,269,51379,460,2616327063,2546211600,2546211600,True
191,271,51761,462,2655448761,2584502244,2584502244,True
191,277,52907,468,2774555823,2701088784,2701088784,True
191,281,53671,472,2855412171,2780241984,2780241984,True
191,283,54053,474,2896275837,2820247236,2820247236,True
191,293,55963,484,3104949087,3024560016,3024560016,True
193,197,38021,390,1430881941,1386966564,1386966564,True
193,199,38407,392,1460156971,1415565376,1415565376,True
193,211,40723,404,1642032727,1593287056,1593287056,True
193,223,43039,416,1834580899,1781515264,1781515264,True
193,227,43811,420,1901135271,1846592784,1846592784,True
193,229,44197,422,1934857141,1879569316,1879569316,True
193,233,44969,426,2003190249,1946397924,1946397924,True
193,239,46127,432,2107913331,2048829696,2048829696,True
193,241,46513,434,2143413937,2083557316,2083557316,True
193,251,48443,444,2325363807,2261573136,2261573136,True
193,257,49601,450,2438091201,2371884804,2371884804,True
193,263,50759,456,2553486699,2484823104,2484823104,True
193,269,51917,462,2671550301,2600388036,2600388036,True
193,271,52303,464,2711497747,2639493376,2639493376,True
193,277,53461,470,2833118821,2758560484,2758560484,True
193,281,54233,474,2915681817,2839397796,2839397796,True
193,283,54619,476,2957407999,2880254224,2880254224,True
193,293,56549,486,3170485749,3088914084,3088914084,True
197,199,39203,396,1521468039,1475481744,1475481744,True
197,211,41567,408,1710980643,1660725504,1660725504,True
197,223,43931,420,1911613791,1856920464,1856920464,True
197,227,44719,424,1980962739,1924752384,1924752384,True
197,229,45113,426,2016100569,1959124644,1959124644,True
197,233,45901,430,2087302941,2028781764,2028781764,True
197,239,47083,436,2196423279,2135548944,2135548944,True
197,241,47477,438,2233414533,2171746404,2171746404,True
197,251,49447,448,2423004363,2357296704,2357296704,True
197,257,50629,454,2540465109,2472277284,2472277284,True
197,263,51811,460,2660705991,2589995664,2589995664,True
197,269,52993,466,2783727009,2710451844,2710451844,True
197,271,53387,468,2825351823,2751212304,2751212304,True
197,277,54569,474,2952079689,2875318884,2875318884,True
197,281,55357,478,3038109453,2959577604,2959577604,True
197,283,55751,480,3081587691,3002163264,3002163264,True
197,293,57721,490,3303612441,3219654564,3219654564,True
199,211,41989,410,1745986333,1694968900,1694968900,True
199,223,44377,422,1950724321,1895209156,1895209156,True
199,227,45173,426,2021492109,1964439684,1964439684,True
199,229,45571,428,2057348839,1999520656,1999520656,True
199,233,46367,432,2130007971,2070614016,2070614016,True
199,239,47561,438,2241360849,2179582596,2179582596,True
199,241,47959,440,2279108923,2216526400,2216526400,True
199,251,49949,450,2472577653,2405902500,2405902500,True
199,257,51143,456,2592441579,2523253824,2523253824,True
199,263,52337,462,2715142521,2643399396,2643399396,True
199,269,53531,468,2840680479,2766339216,2766339216,True
199,271,53929,470,2883156913,2807940100,2807940100,True
199,277,55123,476,3012477559,2934605584,2934605584,True
199,281,55919,480,3100267443,3020601600,3020601600,True
199,283,56317,482,3144635221,3064065316,3064065316,True
199,293,58307,492,3371202471,3286040976,3286040976,True
211,223,47053,434,2193704677,2133146596,2133146596,True
211,227,47897,438,2273287233,2211068484,2211068484,True
211,229,48319,440,2313610243,2250553600,2250553600,True
211,233,49163,444,2395319727,2330572176,2330572176,True
211,239,50429,450,2520542613,2453220900,2453220900,True
211,241,50851,452,2562992551,2494802704,2494802704,True
211,251,52961,462,2780559561,2707953444,2707953444,True
211,257,54227,468,2915353623,2840037264,2840037264,True
211,263,55493,474,3053338077,2975266116,2975266116,True
211,269,56759,480,3194512923,3113640000,3113640000,True
211,271,57181,482,3242280181,3160463524,3160463524,True
211,277,58447,488,3387708883,3303030784,3303030784,True
211,281,59291,492,3486433791,3399822864,3399822864,True
211,283,59713,494,3536327977,3448743076,3448743076,True
211,293,61823,504,3791116227,3698585856,3698585856,True
223,227,50621,450,2539857621,2472277284,2472277284,True
223,229,51067,452,2584908991,2516426896,2516426896,True
223,233,51959,456,2676199899,2605898304,2605898304,True
223,239,53297,462,2816106681,2743035876,2743035876,True
223,241,53743,464,2863534387,2789529856,2789529856,True
223,251,55973,474,3106613757,3027860676,3027860676,True
223,257,57311,480,3257214051,3175547904,3175547904,True
223,263,58649,486,3411378849,3326751684,3326751684,True
223,269,59987,492,3569108151,3481472016,3481472016,True
223,271,60433,494,3622476697,3533826916,3533826916,True
223,277,61771,500,3784958671,3693235984,3693235984,True
223,281,62663,504,3895260267,3801462336,3801462336,True
223,283,63109,506,3951005149,3856161604,3856161604,True
223,293,65339,516,4235670399,4135518864,4135518864,True
227,229,51983,456,2678683539,2608349184,2608349184,True
227,233,52891,460,2773286271,2701088784,2701088784,True
227,239,54253,466,2918268549,2843235684,2843235684,True
227,241,54707,468,2967416823,2891427984,2891427984,True
227,251,56977,478,3219314553,3138464484,3138464484,True
227,257,58339,484,3375378279,3291546384,3291546384,True
227,263,59701,490,3535135821,3448273284,3448273284,True
227,269,61063,496,3698587179,3608645184,3608645184,True
227,271,61517,498,3753891813,3662912484,3662912484,True
227,277,62879,504,3922268259,3828144384,3828144384,True
227,281,63787,508,4036571343,3940323984,3940323984,True
227,283,64241,510,4094338521,3997021284,3997021284,True
227,293,66511,520,4389330771,4286582784,4286582784,True
229,233,53357,462,2822478141,2749324356,2749324356,True
229,239,54731,468,2970032079,2894009616,2894009616,True
229,241,55189,470,3020052133,2943062500,2943062500,True
229,251,57479,480,3276417963,3194510400,3194510400,True
229,257,58853,486,3435249909,3350325924,3350325924,True
229,263,60227,492,3597841191,3509851536,3509851536,True
229,269,61601,498,3764191809,3673087236,3673087236,True
229,271,62059,500,3820477423,3728323600,3728323600,True
229,277,63433,506,3991840489,3896506084,3896506084,True
229,281,64349,510,4108171053,4010688900,4010688900,True
229,283,64807,512,4166962891,4068398656,4068398656,True
229,293,67097,522,4467187641,4363130916,4363130916,True
233,239,55687,472,3074924331,2996905536,2996905536,True
233,241,56153,474,3126710937,3047702436,3047702436,True
233,251,58483,484,3392130807,3308090256,3308090256,True
233,257,59881,490,3556572201,3469445604,3469445604,True
233,263,61279,496,3724905699,3634642944,3634642944,True
233,269,62677,502,3897131301,3803682276,3803682276,True
233,271,63143,504,3955404747,3860882496,3860882496,True
233,277,64541,510,4132819821,4035044484,4035044484,True
233,281,65473,514,4253258817,4153286916,4153286916,True
233,283,65939,516,4314126999,4213048464,4213048464,True
233,293,68269,526,4624954749,4518259524,4518259524,True
239,241,57599,480,3290169603,3208089600,3208089600,True
239,251,59989,490,3569465133,3482180100,3482180100,True
239,257,61423,496,3742503219,3652026624,3652026624,True
239,263,62857,502,3919636881,3825917316,3825917316,True
239,269,64291,508,4100866119,4003852176,4003852176,True
239,271,64769,510,4162185993,4064062500,4064062500,True
239,277,66203,516,4348875999,4247389584,4247389584,True
239,281,67159,520,4475611323,4371854400,4371854400,True
239,283,67637,522,4539661581,4434760836,4434760836,True
239,293,70027,532,4866738831,4756033296,4756033296,True
241,251,60491,492,3629580591,3541202064,3541202064,True
241,257,61937,498,3805532913,3713927364,3713927364,True
241,263,63383,504,3985649787,3890765376,3890765376,True
241,269,64829,510,4169931213,4071716100,4071716100,True
241,271,65311,512,4232283811,4132946944,4132946944,True
241,277,66757,518,4422117973,4319381284,4319381284,True
241,281,67721,522,4550987721,4445955684,4445955684,True
241,283,68203,524,4616116687,4509928336,4509928336,True
241,293,70613,534,4948702437,4836646116,4836646116,True
251,257,64507,508,4128576543,4031234064,4031234064,True
251,263,66013,514,4323983157,4223180196,4223180196,True
251,269,67519,520,4523907843,4419590400,4419590400,True
251,271,68021,522,4591553421,4486052484,4486052484,True
251,277,69527,528,4797502203,4688414784,4688414784,True
251,281,70531,532,4937311431,4825803024,4825803024,True
251,283,71033,534,5007969057,4895241156,4895241156,True
251,293,73543,544,5368787307,5249871936,5249871936,True
257,263,67591,520,4533598251,4429168704,4429168704,True
257,269,69133,526,4743214749,4635158724,4635158724,True
257,271,69647,528,4814139603,4704862464,4704862464,True
257,277,71189,534,5030072229,4917094884,4917094884,True
257,281,72217,538,5176659033,5061184164,5061184164,True
257,283,72731,540,5250741951,5134009104,5134009104,True
257,293,75301,550,5629051701,5505936804,5505936804,True
263,269,70747,532,4967712351,4855859856,4855859856,True
263,271,71273,534,5041994097,4928882436,4928882436,True
263,277,72851,540,5268146871,5151219984,5151219984,True
263,281,73903,544,5421671667,5302169856,5302169856,True
263,283,74429,546,5499260949,5378462244,5378462244,True
263,293,77059,556,5895476199,5768098704,5768098704,True
269,271,72899,540,5275116903,5158112400,5158112400,True
269,277,74513,546,5511726129,5390790084,5390790084,True
269,281,75589,550,5672349333,5548760100,5548760100,True
269,283,76127,552,5753526051,5628600576,5628600576,True
269,293,78817,562,6168060801,6036357636,6036357636,True
271,277,75067,548,5594142463,5471856784,5471856784,True
271,281,76151,552,5757167451,5632202304,5632202304,True
271,283,76693,554,5839557997,5713243396,5713243396,True
271,293,79403,564,6260291247,6127132176,6127132176,True
277,281,77837,558,6015398493,5886265284,5886265284,True
277,283,78391,560,6101484571,5970961984,5970961984,True
277,293,81161,570,6541089321,6403520484,6403520484,True
281,283,79523,564,6279294567,6145932816,6145932816,True
281,293,82333,574,6731710317,6591166596,6591166596,True
283,293,82919,576,6828047499,6686005824,6686005824,True
