p,q,n,A,gcd_A_n,gcd_A_n_minus_1,gcd_A_n_plus_1,gcd_A_n2_minus_1
2,3,6,21,3,1,7,7
2,5,10,63,1,9,1,9
2,7,14,129,1,1,3,3
2,11,22,333,1,3,1,3
2,13,26,471,1,1,3,3
2,17,34,819,1,3,7,21
2,19,38,1029,1,1,3,3
2,23,46,1521,1,9,1,9
2,29,58,2439,1,3,1,3
2,31,62,2793,1,1,21,21
2,37,74,3999,1,1,3,3
2,41,82,4923,1,9,1,9
2,43,86,5421,1,1,3,3
2,47,94,6489,1,3,1,3
2,53,106,8271,1,3,1,3
2,59,118,10269,1,9,7,63
2,61,122,10983,1,1,3,3
2,67,134,13269,1,1,3,3
2,71,142,14913,1,3,1,3
2,73,146,15771,1,1,21,21
2,79,158,18489,1,1,3,3
2,83,166,20421,1,3,1,3
2,89,178,23499,1,3,1,3
2,97,194,27939,1,1,3,3
2,101,202,30303,1,3,7,21
2,103,206,31521,1,1,3,3
2,107,214,34029,1,3,1,3
2,109,218,35319,1,1,3,3
2,113,226,37971,1,9,1,9
2,127,254,48009,1,1,3,3
2,131,262,51093,1,9,1,9
2,137,274,55899,1,3,1,3
2,139,278,57549,1,1,3,3
2,149,298,66159,1,9,1,9
2,151,302,67953,1,1,3,3
2,157,314,73479,1,1,21,21
2,163,326,79221,1,1,3,3
2,167,334,83169,1,9,1,9
2,173,346,89271,1,3,1,3
2,179,358,95589,1,3,1,3
2,181,362,97743,1,1,3,3
2,191,382,108873,1,3,1,3
2,193,386,111171,1,1,3,3
2,197,394,115839,1,3,1,3
2,199,398,118209,1,1,21,21
2,211,422,132933,1,1,3,3
2,223,446,148521,1,1,3,3
2,227,454,153909,1,3,7,21
2,229,458,156639,1,1,3,3
2,233,466,162171,1,3,1,3
2,239,478,170649,1,9,1,9
2,241,482,173523,1,1,21,21
2,251,502,188253,1,3,1,3
2,257,514,197379,1,9,1,9
2,263,526,206721,1,3,1,3
2,269,538,216279,1,3,7,21
2,271,542,219513,1,1,3,3
2,277,554,229359,1,1,3,3
2,281,562,236043,1,3,1,3
2,283,566,239421,1,1,21,21
2,293,586,256671,1,9,1,9
3,5,15,147,3,7,1,7
3,7,21,301,7,1,1,1
3,11,33,777,3,1,1,1
3,13,39,1099,1,1,1,1
3,17,51,1911,3,1,13,13
3,19,57,2401,1,7,1,7
3,23,69,3549,3,1,7,7
3,29,87,5691,3,1,1,1
3,31,93,6517,1,1,1,1
3,37,111,9331,1,1,7,7
3,41,123,11487,3,1,1,1
3,43,129,12649,1,1,13,13
3,47,141,15141,3,7,1,7
3,53,159,19299,3,1,1,1
3,59,177,23961,3,1,1,1
3,61,183,25627,1,7,1,7
3,67,201,30961,1,1,1,1
3,71,213,34797,3,1,1,1
3,73,219,36799,1,1,1,1
3,79,237,43141,1,1,7,7
3,83,249,47649,3,1,1,1
3,89,267,54831,3,7,1,7
3,97,291,65191,1,1,1,1
3,101,303,70707,3,1,1,1
3,103,309,73549,1,7,1,7
3,107,321,79401,3,1,7,7
3,109,327,82411,1,1,1,1
3,113,339,88599,3,1,1,1
3,127,381,112021,1,1,1,1
3,131,393,119217,3,49,1,49
3,137,411,130431,3,1,1,1
3,139,417,134281,1,1,1,1
3,149,447,154371,3,1,7,7
3,151,453,158557,1,1,1,1
3,157,471,171451,1,1,1,1
3,163,489,184849,1,1,7,7
3,167,501,194061,3,1,1,1
3,173,519,208299,3,7,13,91
3,179,537,223041,3,1,1,1
3,181,543,228067,1,1,1,1
3,191,573,254037,3,1,7,7
3,193,579,259399,1,1,1,1
3,197,591,270291,3,1,1,1
3,199,597,275821,1,1,13,13
3,211,633,310177,1,1,1,1
3,223,669,346549,1,1,1,1
3,227,681,359121,3,1,1,1
3,229,687,365491,1,49,1,49
3,233,699,378399,3,1,7,7
3,239,717,398181,3,1,1,1
3,241,723,404887,1,1,1,1
3,251,753,439257,3,1,13,13
3,257,771,460551,3,7,1,7
3,263,789,482349,3,1,1,1
3,269,807,504651,3,1,1,1
3,271,813,512197,1,7,1,7
3,277,831,535171,1,1,13,13
3,281,843,550767,3,1,1,1
3,283,849,558649,1,1,1,1
3,293,879,598899,3,1,1,1
5,7,35,903,7,1,3,3
5,11,55,2331,1,9,7,63
5,13,65,3297,1,1,3,3
5,17,85,5733,1,21,1,21
5,19,95,7203,1,1,3,3
5,23,115,10647,1,3,1,3
5,29,145,17073,1,9,1,9
5,31,155,19551,1,7,3,21
5,37,185,27993,1,1,93,93
5,41,205,34461,1,3,1,3
5,43,215,37947,1,1,3,3
5,47,235,45423,1,9,1,9
5,53,265,57897,1,3,7,21
5,59,295,71883,1,147,1,147
5,61,305,76881,1,1,3,3
5,67,335,92883,1,1,21,21
5,71,355,104391,1,3,1,3
5,73,365,110397,1,7,3,21
5,79,395,129423,1,1,3,3
5,83,415,142947,1,9,1,9
5,89,445,164493,1,3,1,3
5,97,485,195573,1,1,3,3
5,101,505,212121,1,63,1,63
5,103,515,220647,1,1,3,3
5,107,535,238203,1,3,1,3
5,109,545,247233,1,1,21,21
5,113,565,265797,1,3,1,3
5,127,635,336063,1,1,3,3
5,131,655,357651,1,3,1,3
5,137,685,391293,1,9,7,63
5,139,695,402843,1,1,3,3
5,149,745,463113,1,3,1,3
5,151,755,475671,1,1,21,21
5,157,785,514353,1,49,3,147
5,163,815,554547,1,1,3,3
5,167,835,582183,1,3,1,3
5,173,865,624897,1,9,1,9
5,179,895,669123,1,3,7,21
5,181,905,684201,1,1,3,3
5,191,955,762111,1,9,1,9
5,193,965,778197,1,1,21,21
5,197,985,810873,1,3,1,3
5,199,995,827463,1,7,3,21
5,211,1055,930531,1,1,3,3
5,223,1115,1039647,1,1,93,93
5,227,1135,1077363,1,63,1,63
5,229,1145,1096473,1,1,3,3
5,233,1165,1135197,1,3,1,3
5,239,1195,1194543,1,3,1,3
5,241,1205,1214661,1,7,3,21
5,251,1255,1317771,1,3,1,3
5,257,1285,1381653,1,3,1,3
5,263,1315,1447047,1,9,7,63
5,269,1345,1513953,1,21,1,21
5,271,1355,1536591,1,1,3,3
5,277,1385,1605513,1,1,21,21
5,281,1405,1652301,1,9,1,9
5,283,1415,1675947,1,7,3,21
5,293,1465,1796697,1,3,1,3
7,11,77,4773,1,1,3,3
7,13,91,6751,1,1,1,1
7,17,119,11739,7,1,3,3
7,19,133,14749,7,1,1,1
7,23,161,21801,1,1,3,3
7,29,203,34959,1,1,3,3
7,31,217,40033,7,1,1,1
7,37,259,57319,1,43,1,43
7,41,287,70563,1,1,3,3
7,43,301,77701,43,1,1,1
7,47,329,93009,7,1,3,3
7,53,371,118551,1,1,3,3
7,59,413,147189,7,1,3,3
7,61,427,157423,7,1,1,1
7,67,469,190189,1,1,1,1
7,71,497,213753,1,1,3,3
7,73,511,226051,7,1,1,1
7,79,553,265009,1,1,1,1
7,83,581,292701,1,1,3,3
7,89,623,336819,7,1,3,3
7,97,679,400459,1,1,1,1
7,101,707,434343,7,1,3,3
7,103,721,451801,7,1,19,19
7,107,749,487749,1,1,3,3
7,109,763,506239,1,1,1,1
7,113,791,544251,1,1,3,3
7,127,889,688129,1,1,1,1
7,131,917,732333,7,1,3,3
7,137,959,801219,1,1,3,3
7,139,973,824869,1,1,1,1
7,149,1043,948279,1,1,3,3
7,151,1057,973993,1,1,1,1
7,157,1099,1053199,7,1,1,1
7,163,1141,1135501,1,1,1,1
7,167,1169,1192089,1,1,3,3
7,173,1211,1279551,7,1,3,3
7,179,1253,1370109,1,1,57,57
7,181,1267,1400983,1,1,1,1
7,191,1337,1560513,1,1,3,3
7,193,1351,1593451,1,1,1,1
7,197,1379,1660359,1,1,3,3
7,199,1393,1694329,7,1,1,1
7,211,1477,1905373,1,1,1,1
7,223,1561,2128801,1,1,1,1
7,227,1589,2206029,7,1,3,3
7,229,1603,2245159,7,1,1,1
7,233,1631,2324451,1,1,3,3
7,239,1673,2445969,1,1,3,3
7,241,1687,2487163,7,1,1,1
7,251,1757,2698293,1,1,3,3
7,257,1799,2829099,7,1,3,3
7,263,1841,2963001,1,1,3,3
7,269,1883,3099999,7,1,3,3
7,271,1897,3146353,7,1,1,1
7,277,1939,3287479,1,1,1,1
7,281,1967,3383283,1,1,3,3
7,283,1981,3431701,7,1,1,1
7,293,2051,3678951,1,1,57,57
11,13,143,17427,1,1,3,3
11,17,187,30303,1,3,1,3
11,19,209,38073,1,1,21,21
11,23,253,56277,1,9,1,9
11,29,319,90243,1,3,1,3
11,31,341,103341,1,1,57,57
11,37,407,147963,37,1,3,3
11,41,451,182151,1,9,1,9
11,43,473,200577,1,1,3,3
11,47,517,240093,1,3,259,777
11,53,583,306027,1,3,1,3
11,59,649,379953,1,9,1,9
11,61,671,406371,1,1,21,21
11,67,737,490953,1,1,3,3
11,71,781,551781,1,3,1,3
11,73,803,583527,1,1,3,3
11,79,869,684093,1,1,3,3
11,83,913,755577,1,3,1,3
11,89,979,869463,1,3,7,21
11,97,1067,1033743,1,1,3,3
11,101,1111,1121211,1,111,1,111
11,103,1133,1166277,1,1,21,21
11,107,1177,1259073,1,3,19,57
11,109,1199,1306803,1,1,3,3
11,113,1243,1404927,1,9,1,9
11,127,1397,1776333,1,1,3,3
11,131,1441,1890441,1,9,7,63
11,137,1507,2068263,1,3,1,3
11,139,1529,2129313,1,1,3,3
11,149,1639,2447883,1,9,1,9
11,151,1661,2514261,1,1,3,3
11,157,1727,2718723,1,1,3,3
11,163,1793,2931177,1,1,3,3
11,167,1837,3077253,1,9,1,9
11,173,1903,3303027,1,3,7,21
11,179,1969,3536793,1,3,1,3
11,181,1991,3616491,1,1,3,3
11,191,2101,4028301,1,3,1,3
11,193,2123,4113327,1,1,3,3
11,197,2167,4286043,1,3,1,3
11,199,2189,4373733,1,1,3,3
11,211,2321,4918521,1,1,3,3
11,223,2453,5495277,1,1,3,3
11,227,2497,5694633,1,3,1,3
11,229,2519,5795643,1,1,21,21
11,233,2563,6000327,1,3,1,3
11,239,2629,6314013,1,9,1,9
11,241,2651,6420351,1,1,3,3
11,251,2761,6965361,1,3,1,3
11,257,2827,7303023,1,9,7,63
11,263,2893,7648677,1,3,1,3
11,269,2959,8002323,1,3,37,111
11,271,2981,8121981,1,1,21,21
11,277,3047,8486283,1,1,3,3
11,281,3091,8733591,1,3,1,3
11,283,3113,8858577,1,1,3,3
11,293,3223,9496827,1,9,1,9
13,17,221,42861,13,1,3,3
13,19,247,53851,1,1,1,1
13,23,299,79599,13,1,3,3
13,29,377,127641,1,1,3,3
13,31,403,146167,1,1,1,1
13,37,481,209281,1,1,1,1
13,41,533,257637,1,1,3,3
13,43,559,283699,13,1,1,1
13,47,611,339591,1,1,3,3
13,53,689,432849,1,1,3,3
13,59,767,537411,1,1,3,3
13,61,793,574777,1,1,1,1
13,67,871,694411,1,1,1,1
13,71,923,780447,1,1,3,3
13,73,949,825349,1,1,1,1
13,79,1027,967591,1,1,1,1
13,83,1079,1068699,1,1,3,3
13,89,1157,1229781,1,1,3,3
13,97,1261,1462141,1,1,1,1
13,101,1313,1585857,13,1,3,3
13,103,1339,1649599,1,1,1,1
13,107,1391,1780851,1,1,3,3
13,109,1417,1848361,1,1,1,1
13,113,1469,1987149,1,1,3,3
13,127,1651,2512471,13,1,1,1
13,131,1703,2673867,1,1,3,3
13,137,1781,2925381,1,1,3,3
13,139,1807,3011731,1,1,1,1
13,149,1937,3462321,1,1,3,3
13,151,1963,3556207,1,1,1,1
13,157,2041,3845401,157,1,1,1
13,163,2119,4145899,1,1,1,1
13,167,2171,4352511,1,1,3,3
13,173,2249,4671849,13,1,3,3
13,179,2327,5002491,13,1,3,3
13,181,2353,5115217,1,1,1,1
13,191,2483,5697687,1,1,3,3
13,193,2509,5817949,1,1,1,1
13,197,2561,6062241,1,1,183,183
13,199,2587,6186271,13,1,1,1
13,211,2743,6956827,1,1,1,1
13,223,2899,7772599,1,1,1,1
13,227,2951,8054571,1,1,3,3
13,229,2977,8197441,1,1,1,1
13,233,3029,8486949,1,1,3,3
13,239,3107,8930631,1,1,3,3
13,241,3133,9081037,1,1,1,1
13,251,3263,9851907,13,1,3,3
13,257,3341,10329501,13,1,3,3
13,263,3419,10818399,1,1,3,3
13,269,3497,11318601,1,1,3,3
13,271,3523,11487847,1,1,1,1
13,277,3601,12003121,13,1,1,1
13,281,3653,12352917,1,1,3,3
13,283,3679,12529699,13,1,1,1
13,293,3809,13432449,1,1,3,3
17,19,323,93639,1,7,3,21
17,23,391,138411,1,39,7,273
17,29,493,221949,1,3,13,39
17,31,527,254163,1,1,3,3
17,37,629,363909,1,1,21,21
17,41,697,447993,1,3,1,3
17,43,731,493311,1,1,3,3
17,47,799,590499,1,21,1,21
17,53,901,752661,1,9,1,9
17,59,1003,934479,1,3,1,3
17,61,1037,999453,1,7,3,21
17,67,1139,1207479,1,1,3,3
17,71,1207,1357083,1,9,1,9
17,73,1241,1435161,1,1,3,3
17,79,1343,1682499,1,1,21,21
17,83,1411,1858311,1,3,1,3
17,89,1513,2138409,1,63,1,63
17,97,1649,2542449,1,1,3,3
17,101,1717,2757573,1,39,1,39
17,103,1751,2868411,1,7,3,21
17,107,1819,3096639,1,9,91,819
17,109,1853,3214029,1,1,3,3
17,113,1921,3455361,1,3,1,3
17,127,2159,4368819,1,13,3,39
17,131,2227,4649463,1,21,1,21
17,137,2329,5086809,1,3,1,3
17,139,2363,5236959,1,1,3,3
17,149,2533,6020469,1,3,7,21
17,151,2567,6183723,1,1,3,3
17,157,2669,6686589,1,1,3,3
17,163,2771,7209111,1,1,21,21
17,167,2839,7568379,1,3,1,3
17,173,2941,8123661,1,147,1,147
17,179,3043,8698599,1,1521,1,1521
17,181,3077,8894613,1,1,3,3
17,191,3247,9907443,1,3,7,21
17,193,3281,10116561,1,1,3,3
17,197,3349,10541349,1,9,1,9
17,199,3383,10757019,1,1,3,3
17,211,3587,12096903,1,1,39,39
17,223,3791,13515411,1,1,3,3
17,227,3859,14005719,1,3,1,3
17,229,3893,14254149,1,7,3,21
17,233,3961,14757561,1,9,7,63
17,239,4063,15529059,1,3,1,3
17,241,4097,15790593,1,1,3,3
17,251,4267,17131023,1,9,1,9
17,257,4369,17961489,1,273,1,273
17,263,4471,18811611,1,3,13,39
17,269,4573,19681389,1,9,1,9
17,271,4607,19975683,1,49,3,147
17,277,4709,20871669,1,1,3,3
17,281,4777,21479913,1,3,1,3
17,283,4811,21787311,1,13,3,39
17,293,4981,23357061,1,3,1,3
19,23,437,173901,1,1,3,3
19,29,551,278859,1,1,3,3
19,31,589,319333,19,49,1,49
19,37,703,457219,1,1,1,1
19,41,779,562863,1,1,3,3
19,43,817,619801,1,1,1,1
19,47,893,741909,1,1,3,3
19,53,1007,945651,1,1,21,21
19,59,1121,1174089,1,7,3,21
19,61,1159,1255723,1,1,1,1
19,67,1273,1517089,1,1,49,49
19,71,1349,1705053,1,1,3,3
19,73,1387,1803151,1,7,1,7
19,79,1501,2113909,1,1,1,1
19,83,1577,2334801,1,1,3,3
19,89,1691,2686719,1,1,3,3
19,97,1843,3194359,1,1,1,1
19,101,1919,3464643,1,7,3,21
19,103,1957,3603901,19,1,1,1
19,107,2033,3890649,19,1,3,3
19,109,2071,4038139,1,1,7,7
19,113,2147,4341351,1,1,3,3
19,127,2413,5489029,1,1,1,1
19,131,2489,5841633,1,1,3,3
19,137,2603,6391119,1,1,21,21
19,139,2641,6579769,1,1,1,1
19,149,2831,7564179,1,1,3,3
19,151,2869,7769293,1,1,7,7
19,157,2983,8401099,1,7,1,7
19,163,3097,9057601,1,1,1,1
19,167,3173,9508989,1,1,3,3
19,173,3287,10206651,1,1,3,3
19,179,3401,10929009,19,1,21,21
19,181,3439,11175283,1,1,1,1
19,191,3629,12447813,1,1,3,3
19,193,3667,12710551,1,1,7,7
19,197,3743,13244259,1,1,3,3
19,199,3781,13515229,1,7,1,7
19,211,4009,15198673,1,1,1,1
19,223,4237,16980901,1,1,1,1
19,227,4313,17596929,1,49,3,147
19,229,4351,17909059,1,1,1,1
19,233,4427,18541551,1,1,3,3
19,239,4541,19510869,1,1,3,3
19,241,4579,19839463,1,7,1,7
19,251,4769,21523593,1,1,3,3
19,257,4883,22566999,1,1,3,3
19,263,4997,23635101,1,1,147,147
19,269,5111,24727899,1,7,3,21
19,271,5149,25097653,1,1,1,1
19,277,5263,26223379,1,1,7,7
19,281,5339,26987583,1,1,3,3
19,283,5377,27373801,1,7,1,7
19,293,5567,29346051,19,1,3,3
23,29,667,412191,1,9,1,9
23,31,713,472017,1,1,21,21
23,37,851,675831,1,1,3,3
23,41,943,831987,1,3,1,3
23,43,989,916149,1,13,3,39
23,47,1081,1096641,1,9,1,9
23,53,1219,1397799,1,3,1,3
23,59,1357,1735461,1,3,7,21
23,61,1403,1856127,1,1,39,39
23,67,1541,2242461,1,1,3,3
23,71,1633,2520297,1,3,1,3
23,73,1679,2665299,1,1,21,21
23,79,1817,3124641,1,1,3,3
23,83,1909,3451149,1,9,1,9
23,89,2047,3971331,1,3,1,3
23,97,2231,4721691,1,1,3,3
23,101,2323,5121207,1,9,7,63
23,103,2369,5327049,1,1,237,237
23,107,2461,5750901,1,3,1,3
23,109,2507,5968911,1,1,3,3
23,113,2599,6417099,1,3,13,39
23,127,2921,8113521,1,1,3,3
23,131,3013,8634717,1,3,1,3
23,137,3151,9446931,1,9,1,9
23,139,3197,9725781,1,1,39,39
23,149,3427,11180871,1,3,1,3
23,151,3473,11484057,1,1,3,3
23,157,3611,12417951,1,1,21,21
23,163,3749,13388349,1,1,3,3
23,167,3841,14055561,1,3,1,3
23,173,3979,15086799,1,117,1,117
23,179,4117,16154541,1,3,1,3
23,181,4163,16518567,1,1,3,3
23,191,4393,18399537,1,9,169,1521
23,193,4439,18787899,1,1,3,3
23,197,4531,19576791,1,3,1,3
23,199,4577,19977321,1,13,21,273
23,211,4853,22465677,1,1,3,3
23,223,5129,25100049,1,1,3,3
23,227,5221,26010621,1,9,7,63
23,229,5267,26471991,1,1,3,3
23,233,5359,27406899,1,3,1,3
23,239,5497,28839681,1,3,1,3
23,241,5543,29325387,1,1,21,21
23,251,5773,31814757,1,39,1,39
23,257,5911,33357051,1,3,1,3
23,263,6049,34935849,1,9,1,9
23,269,6187,36551151,1,3,91,273
23,271,6233,37097697,1,1,3,3
23,277,6371,38761671,1,13,3,39
23,281,6463,39891267,1,9,1,9
23,283,6509,40462149,1,1,21,21
23,293,6739,43377399,1,3,1,3
29,31,899,756903,1,1,3,3
29,37,1073,1083729,1,1,3,3
29,41,1189,1334133,1,9,1,9
29,43,1247,1469091,1,1,39,39
29,47,1363,1758519,1,3,1,3
29,53,1537,2241441,1,3,1,3
29,59,1711,2782899,1,9,1,9
29,61,1769,2976393,1,1,3,3
29,67,1943,3595899,1,1,3,3
29,71,2059,4041423,1,3,1,3
29,73,2117,4273941,1,1,3,3
29,79,2291,5010519,1,1,3,3
29,83,2407,5534091,1,3,1,3
29,89,2581,6368229,1,3,1,3
29,97,2813,7571469,1,1,201,201
29,101,2929,8212113,1,3,1,3
29,103,2987,8542191,1,1,3,3
29,107,3103,9221859,1,3,1,3
29,109,3161,9571449,1,1,3,3
29,113,3277,10290141,1,9,1,9
29,127,3683,13010439,1,1,3,3
29,131,3799,13846203,1,9,1,9
29,137,3973,15148629,1,3,1,3
29,139,4031,15595779,1,1,3,3
29,149,4321,17929089,1,9,1,9
29,151,4379,18415263,1,1,3,3
29,157,4553,19912809,1,1,3,3
29,163,4727,21468891,1,1,3,3
29,167,4843,22538799,1,9,1,9
29,173,5017,24192441,1,3,13,39
29,179,5191,25904619,1,3,1,3
29,181,5249,26488353,1,1,3,3
29,191,5539,29504583,1,3,1,3
29,193,5597,30127341,1,1,3,3
29,197,5713,31392369,1,3,1,3
29,199,5771,32034639,1,1,39,39
29,211,6119,36024843,1,1,3,3
29,223,6467,40249191,1,1,3,3
29,227,6583,41709339,1,3,1,3
29,229,6641,42449169,1,1,3,3
29,233,6757,43948341,1,3,1,3
29,239,6931,46245879,1,9,1,9
29,241,6989,47024733,1,1,3,3
29,251,7279,51016563,1,3,13,39
29,257,7453,53489709,1,9,1,9
29,263,7627,56021391,1,3,1,3
29,269,7801,58611609,1,3,1,3
29,271,7859,59488023,271,1,3,3
29,277,8033,62156289,1,1,39,39
29,281,8149,63967653,1,3,1,3
29,283,8207,64883091,1,1,3,3
29,293,8497,69557841,1,9,1,9
31,37,1147,1241023,31,1,7,7
31,41,1271,1527771,1,1,3,3
31,43,1333,1682317,1,1,1,1
31,47,1457,2013753,1,7,3,21
31,53,1643,2566767,1,1,3,3
31,59,1829,3186813,1,1,3,3
31,61,1891,3408391,1,7,1,7
31,67,2077,4117813,1,1,1,1
31,71,2201,4628001,1,1,3,3
31,73,2263,4894267,1,1,1,1
31,79,2449,5737753,1,1,49,49
31,83,2573,6337317,1,1,3,3
31,89,2759,7292523,1,7,3,21
31,97,3007,8670403,1,1,1,1
31,101,3131,9404031,1,1,3,3
31,103,3193,9782017,1,133,1,133
31,107,3317,10560333,1,1,21,21
31,109,3379,10960663,1,1,1,1
31,113,3503,11783667,1,1,3,3
31,127,3937,14898793,1,1,1,1
31,131,4061,15855861,1,7,3,21
31,137,4247,17347323,1,1,3,3
31,139,4309,17859373,1,1,1,1
31,149,4619,20531343,1,1,21,21
31,151,4681,21088081,1,1,1,1
31,157,4867,22802983,1,1,1,1
31,163,5053,24584917,1,1,133,133
31,167,5177,25810113,1,1,3,3
31,173,5363,27703767,1,7,3,21
31,179,5549,29664453,1,19,3,57
31,181,5611,30332911,31,1,1,1
31,191,5921,33786921,1,1,21,21
31,193,5983,34500067,1,1,1,1
31,197,6107,35948703,1,1,3,3
31,199,6169,36684193,1,1,1,1
31,211,6541,41253541,1,1,1,1
31,223,6913,46091017,31,1,1,1
31,227,7037,47763093,1,1,3,3
31,229,7099,48610303,1,7,1,7
31,233,7223,50327067,1,1,21,21
31,239,7409,52958073,1,1,57,57
31,241,7471,53849971,1,1,1,1
31,251,7781,58421181,1,1,3,3
31,257,7967,61253283,1,7,3,21
31,263,8153,64152417,1,1,3,3
31,269,8339,67118583,1,1,3,3
31,271,8401,68122201,1,7,1,7
31,277,8587,71177743,1,1,19,19
31,281,8711,73252011,1,1,3,3
31,283,8773,74300317,1,1,1,1
31,293,9083,79653567,1,19,3,57
37,41,1517,2187453,1,1,3,3
37,43,1591,2408731,43,1,1,1
37,47,1739,2883279,1,1,3,3
37,53,1961,3675081,1,1,3,3
37,59,2183,4562859,1,1,21,21
37,61,2257,4880113,1,1,1,1
37,67,2479,5895859,1,1,31,31
37,71,2627,6626343,1,1,3,3
37,73,2701,7007581,1,1,7,7
37,79,2923,8215279,1,1,43,43
37,83,3071,9073731,1,1,3,3
37,89,3293,10441389,1,1,3,3
37,97,3589,12414229,1,1,1,1
37,101,3737,13464633,37,1,21,21
37,103,3811,14005831,1,1,1,1
37,107,3959,15120219,1,1,3,3
37,109,4033,15693409,1,1,1,1
37,113,4181,16871781,1,1,3,3
37,127,4699,21331999,1,1,1,1
37,131,4847,22702323,1,1,3,3
37,137,5069,24837789,1,1,3,3
37,139,5143,25570939,1,1,1,1
37,149,5513,29396649,1,1,3,3
37,151,5587,30193783,1,1,1,1
37,157,5809,32649169,1,1,7,7
37,163,6031,35200531,1,1,1,1
37,167,6179,36954759,1,1,3,3
37,173,6401,39666081,1,1,3,3
37,179,6623,42473379,1,43,3,129
37,181,6697,43430473,1,31,1,31
37,191,7067,48375903,1,1,93,93
37,193,7141,49396981,1,1,1,1
37,197,7289,51471129,1,1,3,3
37,199,7363,52524199,1,1,7,7
37,211,7807,59066563,1,1,1,1
37,223,8251,65992831,1,1,1,1
37,227,8399,68386899,1,1,21,21
37,229,8473,69599929,1,1,1,1
37,233,8621,72057981,37,1,3,3
37,239,8843,75825039,1,1,201,201
37,241,8917,77102053,1,1,7,7
37,251,9287,83647083,1,1,129,129
37,257,9509,87702069,1,1,3,3
37,263,9731,91853031,1,1,3,3
37,269,9953,96099969,1,1,21,21
37,271,10027,97536943,1,1,1,1
37,277,10249,101911849,1,1,1,1
37,281,10397,104881773,1,1,3,3
37,283,10471,106382731,1,1,7,7
37,293,10841,114047481,1,1,3,3
41,43,1763,2965287,1,1,3,3
41,47,1927,3549483,1,9,1,9
41,53,2173,4524237,1,3,1,3
41,59,2419,5617143,1,3,1,3
41,61,2501,6007701,1,1,3,3
41,67,2747,7258143,1,1,3,3
41,71,2911,8157411,1,3,1,3
41,73,2993,8626737,1,1,3,3
41,79,3239,10113483,1,1,3,3
41,83,3403,11170287,1,9,1,9
41,89,3649,12853953,1,3,1,3
41,97,3977,15282633,1,1,3,3
41,101,4141,16575741,1,9,1,9
41,103,4223,17241987,1,1,3,3
41,107,4387,18613863,1,3,1,3
41,109,4469,19319493,1,1,3,3
41,113,4633,20770137,1,3,1,3
41,127,5207,26260923,1,1,3,3
41,131,5371,27947871,1,3,1,3
41,137,5617,30576753,1,9,1,9
41,139,5699,31479303,1,1,3,3
41,149,6109,36188973,1,3,1,3
41,151,6191,37170291,1,1,3,3
41,157,6437,40193013,1,1,3,3
41,163,6683,43333887,1,1,3,3
41,167,6847,45493443,1,3,1,3
41,173,7093,48831237,1,9,1,9
41,179,7339,52287183,1,3,1,3
41,181,7421,53465421,1,1,3,3
41,191,7831,59553531,1,9,1,9
41,193,7913,60810537,1,1,3,3
41,197,8077,63363933,1,3,1,3
41,199,8159,64660323,1,1,3,3
41,211,8651,72714351,1,1,3,3
41,223,9143,81240987,1,1,3,3
41,227,9307,84188223,1,9,1,9
41,229,9389,85681533,1,1,3,3
41,233,9553,88707537,1,3,1,3
41,239,9799,93345003,1,3,1,3
41,241,9881,94917081,1,1,3,3
41,251,10291,102974391,1,3,1,3
41,257,10537,107966313,1,3,1,3
41,263,10783,113076387,1,9,1,9
41,269,11029,118304613,1,3,1,3
41,271,11111,120073611,1,1,3,3
41,277,11357,125459373,1,1,3,3
41,281,11521,129115521,1,9,1,9
41,283,11603,130963287,1,1,3,3
41,293,12013,140399037,1,3,1,3
43,47,2021,3908541,1,1,3,3
43,53,2279,4981899,1,1,3,3
43,59,2537,6185361,1,1,3,3
43,61,2623,6615427,1,1,1,1
43,67,2881,7992361,1,1,1,1
43,71,3053,8982597,1,1,3,3
43,73,3139,9499399,1,1,1,1
43,79,3397,11136541,1,1,1,1
43,83,3569,12300249,1,1,3,3
43,89,3827,14154231,1,1,3,3
43,97,4171,16828591,1,139,1,139
43,101,4343,18252507,1,13,3,39
43,103,4429,18986149,1,1,1,1
43,107,4601,20496801,1,1,39,39
43,109,4687,21273811,1,1,1,1
43,113,4859,22871199,1,1,3,3
43,127,5461,28917421,1,13,1,13
43,131,5633,30775017,1,1,3,3
43,137,5891,33669831,1,1,3,3
43,139,5977,34663681,139,1,1,1
43,149,6407,39849771,1,1,3,3
43,151,6493,40930357,1,1,1,1
43,157,6751,44258851,1,1,1,1
43,163,7009,47717449,1,1,1,1
43,167,7181,50095461,1,1,3,3
43,173,7439,53770899,1,1,3,3
43,179,7697,57576441,43,13,3,39
43,181,7783,58873867,1,1,139,139
43,191,8213,65577837,1,1,3,3
43,193,8299,66961999,1,1,1,1
43,197,8471,69773691,1,1,3,3
43,199,8557,71201221,1,1,1,1
43,211,9073,80069977,1,1,13,13
43,223,9589,89459149,1,1,1,1
43,227,9761,92704521,1,1,3,3
43,229,9847,94348891,1,1,1,1
43,233,10019,97680999,1,1,3,3
43,239,10277,102787581,1,1,3,3
43,241,10363,104518687,1,1,1,1
43,251,10793,113391057,1,1,3,3
43,257,11051,118887951,1,13,3,39
43,263,11309,124514949,1,1,39,39
43,269,11567,130272051,1,1,3,3
43,271,11653,132219997,1,1,1,1
43,277,11911,138150571,1,1,1,1
43,281,12083,142176567,1,1,3,3
43,283,12169,144211249,1,169,1,169
43,293,12599,154601499,1,1,3,3
47,53,2491,5963391,1,3,7,21
47,59,2773,7403949,1,63,1,63
47,61,2867,7918743,1,1,3,3
47,67,3149,9566949,1,1,21,21
47,71,3337,10752273,1,3,1,3
47,73,3431,11370891,1,49,3,147
47,79,3713,13330569,1,1,3,3
47,83,3901,14723541,1,3,1,3
47,89,4183,16942779,1,3,1,3
47,97,4559,20144019,1,1,3,3
47,101,4747,21848463,1,21,1,21
47,103,4841,22726641,103,1,3,3
47,107,5029,24534909,1,3,1,3
47,109,5123,25464999,1,1,1281,1281
47,113,5311,27377091,1,9,1,9
47,127,5969,34614489,1,1,3,3
47,131,6157,36838053,1,9,1,9
47,137,6439,40303179,1,3,7,21
47,139,6533,41492829,1,1,3,3
47,149,7003,47700639,1,9,103,927
47,151,7097,48994113,1,1,21,21
47,157,7379,52978359,1,7,3,21
47,163,7661,57118341,1,1,3,3
47,167,7849,59964849,1,9,1,9
47,173,8131,64364391,1,3,1,3
47,179,8413,68919669,1,3,7,21
47,181,8507,70472703,1,1,3,3
47,191,8977,78497433,1,3,1,3
47,193,9071,80154291,1,1,21,21
47,197,9259,83519919,1,3,1,3
47,199,9353,85228689,1,7,3,21
47,211,9917,95844693,1,1,3,3
47,223,10481,107083641,1,1,3,3
47,227,10669,110968389,1,21,1,21
47,229,10763,112936719,1,1,3,3
47,233,10951,116925291,1,3,37,111
47,239,11233,123037929,1,9,1,9
47,241,11327,125110083,1,7,3,21
47,251,11797,135730413,1,3,1,3
47,257,12079,142310259,1,9,1,9
47,263,12361,149045841,1,309,7,2163
47,269,12643,155937159,1,147,1,147
47,271,12737,158268873,1,1,3,3
47,277,13019,165367839,1,1,21,21
47,281,13207,170187003,1,3,1,3
47,283,13301,172622541,1,7,3,21
47,293,13771,185059791,1,9,1,9
53,59,3127,9437211,1,3,1,3
53,61,3233,10093377,1,1,21,21
53,67,3551,12194211,1,1,3,3
53,71,3763,13705047,1,9,1,9
53,73,3869,14493549,1,1,3,3
53,79,4187,16991391,1,1,3,3
53,83,4399,18766899,1,3,1,3
53,89,4717,21595581,1,9,7,63
53,97,5141,25675941,1,1,3,3
53,101,5353,27848457,1,3,1,3
53,103,5459,28967799,1,1,21,21
53,107,5671,31272651,1,9,1,9
53,109,5777,32458161,1,1,3,3
53,113,5989,34895349,1,3,1,3
53,127,6731,44120271,1,1,3,3
53,131,6943,46954467,1,3,7,21
53,137,7261,51371181,1,3,1,3
53,139,7367,52887531,1,1,3,3
53,149,7897,60800121,1,3,1,3
53,151,8003,62448807,1,1,3,3
53,157,8321,67527201,1,1,3,3
53,163,8639,72804099,1,1,3,3
53,167,8851,76432311,1,3,1,3
53,173,9169,82040049,1,3,7,21
53,179,9487,87846291,1,9,1,9
53,181,9593,89825817,1,1,3,3
53,191,10123,100054287,1,3,1,3
53,193,10229,102166149,1,1,3,3
53,197,10441,106456041,1,9,1,9
53,199,10547,108634071,1,1,3,3
53,211,11183,122165427,1,1,3,3
53,223,11819,136490799,1,1,3,3
53,227,12031,141442371,1,3,1,3
53,229,12137,143951241,1,1,21,21
53,233,12349,149035149,1,9,1,9
53,239,12667,156826431,1,3,1,3
53,241,12773,159467637,1,1,3,3
53,251,13303,173004507,1,9,1,9
53,257,13621,181391301,1,3,7,21
53,263,13939,189976599,1,3,1,3
53,269,14257,198760401,1,9,1,9
53,271,14363,201732447,1,1,21,21
53,277,14681,210780921,1,1,3,3
53,281,14893,216923517,1,3,1,3
53,283,14999,220027899,1,1,3,3
53,293,15529,235880649,1,3,1,3
59,61,3599,12531603,1,7,3,21
59,67,3953,15139929,1,1,3,3
59,71,4189,17015733,1,3,1,3
59,73,4307,17994711,1,1,3,3
59,79,4661,21095949,1,1,21,21
59,83,4897,23300361,1,9,1,9
59,89,5251,26812359,1,21,1,21
59,97,5723,31878399,1,1,3,3
59,101,5959,34575723,1,9,1,9
59,103,6077,35965461,1,49,3,147
59,107,6313,38827089,1,3,7,21
59,109,6431,40298979,1,1,3,3
59,113,6667,43324911,1,3,1,3
59,127,7493,54778269,1,1,3,3
59,131,7729,58297113,1,21,1,21
59,137,8083,63780759,1,9,1,9
59,139,8201,65663409,1,1,3,3
59,149,8791,75487419,1,3,7,21
59,151,8909,77534373,1,1,3,3
59,157,9263,83839539,1,1,3,3
59,163,9617,90391161,163,1,21,21
59,167,9853,94895829,1,3,1,3
59,173,10207,101858211,1,63,1,63
59,179,10561,109067049,1,3,1,3
59,181,10679,111524763,1,1,3,3
59,191,11269,124224093,1,9,7,63
59,193,11387,126846111,1,1,3,3
59,197,11623,132172299,1,3,1,3
59,199,11741,134876469,1,1,3,3
59,211,12449,151676553,1,1,3,3
59,223,13157,169462461,1,1,3,3
59,227,13393,175610169,1,9,1,9
59,229,13511,178725099,1,7,3,21
59,233,13747,185037111,1,3,7,21
59,239,14101,194710509,1,3,1,3
59,241,14219,197989743,1,1,3,3
59,251,14809,214796673,1,3,1,3
59,257,15163,225209439,1,21,1,21
59,263,15517,235868661,1,9,1,9
59,269,15871,246774339,1,3,1,3
59,271,15989,250464333,1,7,3,21
59,277,16343,261698619,1,1,3,3
59,281,16579,269325063,1,9,1,9
59,283,16697,273179361,1,1,3,3
59,293,17287,292861611,1,3,1,3
61,67,4087,16192603,1,1,7,7
61,71,4331,18198831,1,1,3,3
61,73,4453,19245877,1,7,1,7
61,79,4819,22562743,1,1,1,1
61,83,5063,24920427,1,1,3,3
61,89,5429,28676613,1,1,3,3
61,97,5917,34094893,1,1,1,1
61,101,6161,36979761,1,7,39,273
61,103,6283,38466127,1,1,1,1
61,107,6527,41526723,1,1,3,3
61,109,6649,43100953,61,1,7,7
61,113,6893,46337277,1,1,3,3
61,127,7747,58586983,1,1,13,13
61,131,7991,62350491,1,1,3,3
61,137,8357,68215413,1,1,21,21
61,139,8479,70228963,1,1,1,1
61,149,9089,80736033,1,1,3,3
61,151,9211,82925311,1,1,7,7
61,157,9577,89668873,1,7,1,7
61,163,9943,96676027,1,1,1,1
61,167,10187,101493903,1,1,3,3
61,173,10553,108940377,1,1,3,3
61,179,10919,116650443,1,1,273,273
61,181,11041,119279041,1,1,1,1
61,191,11651,132861351,1,1,3,3
61,193,11773,135665677,1,1,7,7
61,197,12017,141362193,61,1,3,3
61,199,12139,144254383,1,7,1,7
61,211,12871,162222571,1,1,1,1
61,223,13603,181245127,1,1,1,1
61,227,13847,187820283,1,7,3,21
61,229,13969,191151793,1,1,1,1
61,233,14213,197902677,1,1,3,3
61,239,14579,208248663,1,1,3,3
61,241,14701,211755901,1,49,1,49
61,251,15311,229731411,1,1,3,3
61,257,15677,240868173,1,1,39,39
61,263,16043,252268527,1,1,21,21
61,269,16409,263932473,1,7,3,21
61,271,16531,267879031,1,1,1,1
61,277,16897,279894433,1,1,7,7
61,281,17141,288051141,1,1,3,3
61,283,17263,292173427,1,7,13,91
61,293,17873,313224177,1,1,3,3
67,71,4757,21986733,1,1,3,3
67,73,4891,23251711,1,1,1,1
67,79,5293,27258949,1,1,1,1
67,83,5561,30107361,1,1,3,3
67,89,5963,34645359,1,1,21,21
67,97,6499,41191399,67,1,1,1
67,101,6767,44676723,1,1,3,3
67,103,6901,46472461,1,1,7,7
67,107,7169,50170089,1,1,3,3
67,109,7303,52071979,1,1,1,1
67,113,7571,55981911,1,1,3,3
67,127,8509,70781269,1,1,1,1
67,131,8777,75328113,1,1,21,21
67,137,9179,82413759,1,1,3,3
67,139,9313,84846409,1,1,1,1
67,149,9983,97540419,1,1,3,3
67,151,10117,100185373,1,1,1,1
67,157,10519,108332539,1,1,1,1
67,163,10921,116798161,1,1,1,1
67,167,11189,122618829,1,1,3,3
67,173,11591,131615211,1,1,21,21
67,179,11993,140930049,1,1,3,3
67,181,12127,144105763,1,1,1,1
67,191,12797,160515093,1,1,3,3
67,193,12931,163903111,1,1,1,1
67,197,13199,170785299,1,1,3,3
67,199,13333,174279469,1,1,1,1
67,211,14137,195987553,1,1,1,1
67,223,14941,218969461,1,1,31,31
67,227,15209,226913169,1,1,3,3
67,229,15343,230938099,1,1,7,7
67,233,15611,239094111,1,1,3,3
67,239,16013,251593509,67,1,3,3
67,241,16147,255830743,1,1,1,1
67,251,16817,277547673,1,1,3,3
67,257,17219,291002439,1,1,21,21
67,263,17621,304775661,1,1,3,3
67,269,18023,318867339,1,1,3,3
67,271,18157,323635333,1,1,7,7
67,277,18559,338151619,1,1,1,1
67,281,18827,348006063,1,1,3,3
67,283,18961,352986361,1,1,1,1
67,293,19631,378418611,1,1,3,3
71,73,5183,26132547,1,1,3,3
71,79,5609,30636273,1,1,3,3
71,83,5893,33837597,1,3,1,3
71,89,6319,38937843,1,9,1,9
71,97,6887,46294923,1,1,3,3
71,101,7171,50212071,1,3,1,3
71,103,7313,52230297,1,1,3,3
71,107,7597,56386053,1,9,1,9
71,109,7739,58523583,1,1,3,3
71,113,8023,62917947,1,3,1,3
71,127,9017,79550913,1,1,3,3
71,131,9301,84661101,1,3,1,3
71,137,9727,92624643,1,3,1,3
71,139,9869,95358693,1,1,3,3
71,149,10579,109625463,1,3,1,3
71,151,10721,112598121,1,1,3,3
71,157,11147,121754703,1,1,3,3
71,163,11573,131269197,1,1,3,3
71,167,11857,137811033,1,3,1,3
71,173,12283,147922047,1,3,1,3
71,179,12709,158390973,1,9,1,9
71,181,12851,161960151,1,1,3,3
71,191,13561,180402561,1,3,1,3
71,193,13703,184210347,1,1,3,3
71,197,13987,191945223,1,9,1,9
71,199,14129,195872313,1,1,3,3
71,211,14981,220269981,1,1,3,3
71,223,15833,246099297,1,1,3,3
71,227,16117,255027213,1,3,1,3
71,229,16259,259550823,1,1,3,3
71,233,16543,268717347,1,9,1,9
71,239,16969,282765393,1,3,1,3
71,241,17111,287527611,1,1,3,3
71,251,17821,311935221,1,9,1,9
71,257,18247,327057003,1,3,1,3
71,263,18673,342536697,1,3,1,3
71,269,19099,358374303,1,9,1,9
71,271,19241,363733041,1,1,3,3
71,277,19667,380047863,1,1,3,3
71,281,19951,391123251,1,3,1,3
71,283,20093,396720597,1,1,3,3
71,293,20803,425303847,1,3,1,3
73,79,5767,32398891,1,1,7,7
73,83,6059,35784399,1,1,3,3
73,89,6497,41178081,1,7,3,21
73,97,7081,48958441,1,1,1,1
73,101,7373,53100957,1,1,3,3
73,103,7519,55235299,1,7,1,7
73,107,7811,59630151,1,1,21,21
73,109,7957,61890661,1,1,1,1
73,113,8249,66537849,1,1,3,3
73,127,9271,84127771,1,1,1,1
73,131,9563,89531967,1,7,3,21
73,137,10001,97953681,1,1,3,3
73,139,10147,100845031,1,1,1,1
73,149,10877,115932621,1,1,21,21
73,151,11023,119076307,1,1,1,1
73,157,11461,128759701,1,1,1,1
73,163,11899,138821599,1,1,7,7
73,167,12191,145739811,1,1,3,3
73,173,12629,156432549,1,7,3,21
73,179,13067,167503791,1,1,3,3
73,181,13213,171278317,1,1,1,1
73,191,13943,190781787,1,1,21,21
73,193,14089,194808649,1,1,1,1
73,197,14381,202988541,1,1,3,3
73,199,14527,207141571,1,1,1,1
73,211,15403,232942927,73,1,1,1
73,223,16279,260258299,1,1,1,1
73,227,16571,269699871,1,1,3,3
73,229,16717,274483741,1,7,1,7
73,233,17009,284177649,1,1,21,21
73,239,17447,299033931,1,1,3,3
73,241,17593,304070137,1,1,1,1
73,251,18323,329882007,1,1,3,3
73,257,18761,345873801,1,7,3,21
73,263,19199,362244099,1,1,3,3
73,269,19637,378992901,1,1,3,3
73,271,19783,384659947,1,7,1,7
73,277,20221,401913421,1,1,1,1
73,281,20513,413626017,1,1,3,3
73,283,20659,419545399,1,1,1,1
73,293,21389,449773149,1,1,3,3
79,83,6557,41951541,1,1,3,3
79,89,7031,48274779,1,1,3,3
79,97,7663,57396019,1,1,1,1
79,101,7979,62252463,1,1,21,21
79,103,8137,64754641,79,1,1,1
79,107,8453,69906909,1,1,3,3
79,109,8611,72556999,1,1,1,1
79,113,8927,78005091,1,1,3,3
79,127,10033,98626489,1,1,1,1
79,131,10349,104962053,1,1,3,3
79,137,10823,114835179,1,1,3,3
79,139,10981,118224829,1,1,1,1
79,149,11771,135912639,1,1,3,3
79,151,11929,139598113,1,1,1,1
79,157,12403,150950359,1,1,7,7
79,163,12877,162746341,1,1,1,1
79,167,13193,170856849,1,1,3,3
79,173,13667,183392391,1,1,3,3
79,179,14141,196371669,1,1,3,3
79,181,14299,200796703,1,1,1,1
79,191,15089,223661433,1,1,3,3
79,193,15247,228382291,1,1,1,1
79,197,15563,237971919,1,1,3,3
79,199,15721,242840689,1,1,7,7
79,211,16669,273088693,1,1,1,1
79,223,17617,305111641,1,1,1,1
79,227,17933,316180389,1,1,147,147
79,229,18091,321788719,1,1,1,1
79,233,18407,333153291,1,1,3,3
79,239,18881,350569929,1,1,3,3
79,241,19039,356474083,1,1,7,7
79,251,19829,386734413,1,1,3,3
79,257,20303,405482259,1,1,3,3
79,263,20777,424673841,1,1,3,3
79,269,21251,444309159,1,1,21,21
79,271,21409,450952873,1,1,1,1
79,277,21883,471179839,1,1,1,1
79,281,22199,484911003,1,1,3,3
79,283,22357,491850541,1,1,7,7
79,293,23147,527287791,79,1,3,3
83,89,7387,53319231,1,3,1,3
83,97,8051,63393591,1,1,3,3
83,101,8383,68757507,1,3,1,3
83,103,8549,71521149,1,1,57,57
83,107,8881,77211801,1,3,1,3
83,109,9047,80138811,1,1,3,3
83,113,9379,86156199,1,9,1,9
83,127,10541,108932421,1,1,3,3
83,131,10873,115930017,1,9,1,9
83,137,11371,126834831,1,3,1,3
83,139,11537,130578681,1,1,3,3
83,149,12367,150114771,1,9,1,9
83,151,12533,154185357,1,1,3,3
83,157,13031,166723851,1,1,3,3
83,163,13529,179752449,1,1,3,3
83,167,13861,188710461,1,9,1,9
83,173,14359,202555899,1,3,1,3
83,179,14857,216891441,1,3,19,57
83,181,15023,221778867,1,1,3,3
83,191,15853,247032837,1,3,1,3
83,193,16019,252246999,1,1,3,3
83,197,16351,262838691,1,3,1,3
83,199,16517,268216221,1,1,3,3
83,211,17513,301624977,1,1,3,3
83,223,18509,336994149,1,1,3,3
83,227,18841,349219521,1,3,1,3
83,229,19007,355413891,1,1,3,3
83,233,19339,367965999,1,3,1,3
83,239,19837,387202581,1,9,1,9
83,241,20003,393723687,1,1,3,3
83,251,20833,427146057,1,3,1,3
83,257,21331,447852951,1,9,1,9
83,263,21829,469049949,1,3,1,3
83,269,22327,490737051,1,3,1,3
83,271,22493,498074997,1,1,3,3
83,277,22991,520415571,1,1,3,3
83,281,23323,535581567,1,3,1,3
83,283,23489,543246249,1,1,3,3
83,293,24319,582386499,1,9,19,171
89,97,8633,72948729,1,1,3,3
89,101,8989,79121133,1,21,1,21
89,103,9167,82301331,1,1,3,3
89,107,9523,88849719,1,9,1,9
89,109,9701,92217909,1,1,21,21
89,113,10057,99142281,1,3,1,3
89,127,11303,125351499,1,1,3,3
89,131,11659,133403823,1,3,1,3
89,137,12193,145952289,1,3,7,21
89,139,12371,150260439,1,1,3,3
89,149,13261,172741149,1,3,1,3
89,151,13439,177425283,1,1,21,21
89,157,13973,191853669,1,7,3,21
89,163,14507,206846031,1,1,3,3
89,167,14863,217154259,1,3,1,3
89,173,15397,233086581,1,3,1,3
89,179,15931,249582879,1,9,7,63
89,181,16109,255206973,1,1,3,3
89,191,16999,284267403,1,3,1,3
89,193,17177,290267481,1,1,21,21
89,197,17533,302455629,1,9,1,9
89,199,17711,308643699,1,7,3,21
89,211,18779,347088063,1,1,3,3
89,223,19847,387788331,1,1,3,3
89,227,20203,401856399,1,21,1,21
89,229,20381,408984429,1,1,3,3
89,233,20737,423428481,1,9,1,9
89,239,21271,445564539,1,3,1,3
89,241,21449,453068553,1,7,3,21
89,251,22339,491528583,1,9,1,9
89,257,22873,515356569,1,3,1,3
89,263,23407,539748531,1,3,7,21
89,269,23941,564704469,1,63,1,63
89,271,24119,573148443,1,1,3,3
89,277,24653,598856349,1,1,21,21
89,281,25009,616308273,1,3,1,3
89,283,25187,625128231,1,49,3,147
89,293,26077,670167981,1,3,1,3
97,101,9797,94070613,1,1,3,3
97,103,9991,97851691,1,1,1,1
97,107,10379,105637359,1,1,3,3
97,109,10573,109641949,1,1,1,1
97,113,10961,117874641,1,1,3,3
97,127,12319,149035939,1,1,1,1
97,131,12707,158609703,1,1,3,3
97,137,13289,173529129,1,1,3,3
97,139,13483,178651279,139,1,1,1
97,149,14453,205379589,1,1,3,3
97,151,14647,210948763,1,1,1,1
97,157,15229,228103309,1,1,1,1
97,163,15811,245928391,1,1,67,67
97,167,16199,258184299,1,1,3,3
97,173,16781,277126941,1,1,3,3
97,179,17363,296740119,1,1,3,3
97,181,17557,303426853,1,1,1,1
97,191,18527,337978083,1,1,3,3
97,193,18721,345111841,1,1,1,1
97,197,19109,359602869,1,1,3,3
97,199,19303,366960139,1,1,1,1
97,211,20467,412668343,1,1,1,1
97,223,21631,461058691,1,1,1,1
97,227,22019,477784839,1,1,3,3
97,229,22213,486259669,1,1,1,1
97,233,22601,503432841,1,1,3,3
97,239,23183,529751379,1,67,3,201
97,241,23377,538673233,1,1,1,1
97,251,24347,584400063,1,1,3,3
97,257,24929,612730209,1,1,3,3
97,263,25511,641730891,1,1,3,3
97,269,26093,671402109,1,1,3,3
97,271,26287,681441523,1,1,1,1
97,277,26869,712006789,1,1,1,1
97,281,27257,732756153,1,1,3,3
97,283,27451,743242591,1,1,1,1
97,293,28421,796792341,1,1,3,3
101,103,10403,106131207,1,7,3,21
101,107,10807,114575643,1,3,7,21
101,109,11009,118919073,1,1,3,3
101,113,11413,127848357,1,9,13,117
101,127,12827,161646303,1,1,3,3
101,131,13231,172030131,1,441,1,441
101,137,13837,188211933,1,3,37,111
101,139,14039,193767483,1,1,39,39
101,149,15049,222757353,1,9,7,63
101,151,15251,228797751,1,1,3,3
101,157,15857,247403793,1,1,3,3
101,163,16463,266737107,1,1,21,21
101,167,16867,280030023,1,9,1,9
101,173,17473,300575457,1,273,1,273
101,179,18079,321848163,1,3,1,3
101,181,18281,329100681,1,1,3,3
101,191,19291,366575391,1,3,91,273
101,193,19493,374312757,1,1,3,3
101,197,19897,390029913,1,3,1,3
101,199,20099,398009703,1,13,3,39
101,211,21311,447585411,1,1,111,111
101,223,22523,500070207,1,1,3,3
101,227,22927,518211603,1,3,1,3
101,229,23129,527403513,1,49,3,147
101,233,23533,546029757,1,111,7,777
101,239,24139,574575183,1,9,1,9
101,241,24341,584251941,1,1,3,3
101,251,25351,633847851,1,507,1,507
101,257,25957,664575093,1,63,1,63
101,263,26563,696029607,1,3,1,3
101,269,27169,728211393,1,3,13,39
101,271,27371,739100271,1,7,3,21
101,277,27977,772251753,1,13,3,39
101,281,28381,794756781,1,3,1,3
101,283,28583,806130507,1,1,3,3
101,293,29593,864211257,1,9,1,9
103,107,11021,119180901,1,19,3,57
103,109,11227,123698911,1,1,7,7
103,113,11639,132987099,1,1,3,3
103,127,13081,168143521,1,1,1,1
103,131,13493,178944717,1,1,3,3
103,137,14111,195776931,1,1,21,21
103,139,14317,201555781,1,1,1,1
103,149,15347,231710871,1,1,3,3
103,151,15553,237994057,1,1,7,7
103,157,16171,257347951,1,49,1,49
103,163,16789,277458349,1,1,1,1
103,167,17201,291285561,1,1,3,3
103,173,17819,312656799,1,1,3,3
103,179,18437,334784541,1,1,21,21
103,181,18643,342328567,1,1,79,79
103,191,19673,381309537,1,1,3,3
103,193,19879,389357899,1,1,7,7
103,197,20291,405706791,1,1,57,57
103,199,20497,414007321,1,7,1,7
103,211,21733,465575677,1,1,1,1
103,223,22969,520170049,1,1,1,1
103,227,23381,539040621,1,7,3,21
103,229,23587,548601991,1,1,1,1
103,233,23999,567976899,1,1,3,3
103,239,24617,597669681,1,1,3,3
103,241,24823,607735387,1,7,1,7
103,251,25853,659324757,1,1,3,3
103,257,26471,691287051,1,1,3,3
103,263,27089,724005849,103,1,21,21
103,269,27707,757481151,1,7,3,21
103,271,27913,768807697,1,1,1,1
103,277,28531,803291671,1,1,7,7
103,281,28943,826701267,1,1,3,3
103,283,29149,838532149,1,7,1,7
103,293,30179,898947399,1,79,3,237
107,109,11663,133541139,1,1,3,3
107,113,12091,143568351,1,3,1,3
107,127,13589,181522029,1,1,3,3
107,131,14017,193182633,1,3,1,3
107,137,14659,211354119,1,3,1,3
107,139,14873,217592769,1,1,3,3
107,149,15943,250147179,1,3,1,3
107,151,16157,256930293,1,1,3,3
107,157,16799,277824099,1,1,21,21
107,163,17441,299534601,1,1,57,57
107,167,17869,314461989,1,3,1,3
107,173,18511,337533651,1,3,13,39
107,179,19153,361422009,1,171,1,171
107,181,19367,369566283,1,1,3,3
107,191,20437,411648813,1,3,1,3
107,193,20651,420337551,1,1,3,3
107,197,21079,437987259,1,9,1,9
107,199,21293,446948229,199,1,273,273
107,211,22577,502619673,1,1,3,3
107,223,23861,561557901,1,1,3,3
107,227,24289,581929929,1,3,7,21
107,229,24503,592252059,1,1,3,3
107,233,24931,613168551,1,9,1,9
107,239,25573,645223869,1,3,19,57
107,241,25787,656090463,1,1,21,21
107,251,26857,711784593,1,9,13,117
107,257,27499,746289999,1,3,1,3
107,263,28141,781612101,1,3,1,3
107,269,28783,817750899,1,9,7,63
107,271,28997,829978653,1,1,3,3
107,277,29639,867206379,1,1,741,741
107,281,30067,892478583,1,3,1,3
107,283,30281,905250801,1,1,21,21
107,293,31351,970473051,1,57,1,57
109,113,12317,149010861,1,1,3,3
109,127,13843,188403319,1,1,1,1
109,131,14279,200505963,1,1,21,21
109,137,14933,219366309,1,1,3,3
109,139,15151,225841459,1,1,1,1
109,149,16241,259629969,1,1,3,3
109,151,16459,266670223,1,1,1,1
109,157,17113,288356089,1,1,1,1
109,163,17767,310889611,1,1,1,1
109,167,18203,326382879,1,1,3,3
109,173,18857,350329161,109,1,21,21
109,179,19511,375123099,1,1,3,3
109,181,19729,383576113,1,1,1,1
109,191,20819,427253943,1,1,3,3
109,193,21037,436272061,193,1,1,1
109,197,21473,454590849,1,61,3,183
109,199,21691,463891519,1,1,1,1
109,211,22999,521673403,1,1,1,1
109,223,24307,582845911,1,1,1,1
109,227,24743,603990219,1,1,3,3
109,229,24961,614703649,1,1,7,7
109,233,25397,636413061,1,1,3,3
109,239,26051,669683559,1,1,3,3
109,241,26269,680962093,1,1,1,1
109,251,27359,738767523,1,1,3,3
109,257,28013,774580989,1,1,21,21
109,263,28667,811242111,1,1,3,3
109,269,29321,848750889,1,1,3,3
109,271,29539,861442183,1,1,7,7
109,277,30193,900081169,1,1,1,1
109,281,30629,926311413,1,1,3,3
109,283,30847,939567811,1,1,1,1
109,293,31937,1007262561,1,1,3,3
113,127,14351,202549971,1,1,39,39
113,131,14803,215561367,1,3,1,3
113,137,15481,235837881,1,9,1,9
113,139,15707,242799231,1,1,3,3
113,149,16837,279124821,1,3,1,3
113,151,17063,286693707,1,1,3,3
113,157,17741,310007901,1,1,3,3
113,163,18419,334233399,1,1,3,3
113,167,18871,350890011,1,3,1,3
113,173,19549,376634349,1,9,1,9
113,179,20227,403289991,1,3,13,39
113,181,20453,412377717,1,1,3,3
113,191,21583,459335187,1,9,1,9
113,193,21809,469030449,1,1,3,3
113,197,22261,488724741,1,3,1,3
113,199,22487,498723771,1,1,3,3
113,211,23843,560844327,1,1,3,3
113,223,25199,626610099,1,1,3,3
113,227,25651,649342071,1,9,1,9
113,229,25877,660859941,1,1,3,3
113,233,26329,684199449,1,3,1,3
113,239,27007,719968131,1,3,1,3
113,241,27233,732093537,1,1,3,3
113,251,28363,794239407,1,3,1,3
113,257,29041,832742001,1,3,13,39
113,263,29719,872155899,1,9,1,9
113,269,30397,912481101,1,3,1,3
113,271,30623,926125347,1,1,3,3
113,277,31301,967665621,1,1,3,3
113,281,31753,995865417,1,9,1,9
113,283,31979,1010117199,1,1,39,39
113,293,33109,1082894949,1,3,1,3
127,131,16637,272547093,1,1,3,3
127,137,17399,298183899,1,1,3,3
127,139,17653,306985549,1,1,13,13
127,149,18923,352914159,1,1,3,3
127,151,19177,362483953,1,1,1,1
127,157,19939,391961479,1,1,1,1
127,163,20701,422591221,1,1,1,1
127,167,21209,443651169,1,1,3,3
127,173,21971,476201271,1,169,3,507
127,179,22733,509903589,1,1,3,3
127,181,22987,521393743,1,1,1,1
127,191,24257,580764873,1,1,39,39
127,193,24511,593023171,1,1,1,1
127,197,25019,617923839,1,1,3,3
127,199,25273,630566209,1,13,1,13
127,211,26797,709108933,1,1,1,1
127,223,28321,792260521,1,1,1,1
127,227,28829,821001909,1,1,3,3
127,229,29083,835564639,1,1,1,1
127,233,29591,865074171,1,1,3,3
127,239,30353,910298649,1,1,3,3
127,241,30607,925629523,1,1,1,1
127,251,31877,1004204253,1,13,3,39
127,257,32639,1052885379,1,1,3,3
127,263,33401,1102718721,1,1,3,3
127,269,34163,1153704279,1,1,39,39
127,271,34417,1170955513,1,1,1,1
127,277,35179,1223477359,1,13,1,13
127,281,35687,1259132043,1,1,3,3
127,283,35941,1277151421,1,1,1,1
127,293,37211,1369168671,1,1,3,3
131,137,17947,317338623,1,9,7,63
131,139,18209,326705673,1,1,3,3
131,149,19519,375584643,1,3,1,3
131,151,19781,385769181,1,1,21,21
131,157,20567,417140283,1,7,3,21
131,163,21353,449737617,1,1,3,3
131,167,21877,472150413,1,3,1,3
131,173,22663,506791467,1,9,1,9
131,179,23449,542658753,1,3,7,21
131,181,23711,554887011,1,1,3,3
131,191,25021,618072021,1,9,1,9
131,193,25283,631117767,1,1,21,21
131,197,25807,657618003,1,3,1,3
131,199,26069,671072493,1,49,3,147
131,211,27641,754660641,1,1,3,3
131,223,29213,843153717,1,1,3,3
131,227,29737,873741393,1,63,1,63
131,229,29999,889239603,1,1,3,3
131,233,30523,920644767,1,3,1,3
131,239,31309,968774373,1,3,1,3
131,241,31571,985090071,1,7,3,21
131,251,32881,1068712281,1,3,1,3
131,257,33667,1120520583,1,3,1,3
131,263,34453,1173555117,1,9,7,63
131,269,35239,1227815883,1,21,1,21
131,271,35501,1246175301,1,1,3,3
131,277,36287,1302071043,1,1,21,21
131,281,36811,1340016111,1,9,1,9
131,283,37073,1359193017,1,7,3,21
131,293,38383,1457121267,1,3,1,3
137,139,19043,357436839,1,1,3,3
137,149,20413,410913549,1,9,1,9
137,151,20687,422056083,1,1,3,3
137,157,21509,456378069,1,1,3,3
137,163,22331,492041631,1,1,3,3
137,167,22879,516562659,1,9,1,9
137,173,23701,554462181,1,3,7,21
137,179,24523,593703279,1,3,1,3
137,181,24797,607081773,1,1,3,3
137,191,26167,676210203,1,3,1,3
137,193,26441,690483081,1,1,3,3
137,197,26989,719476029,1,3,1,3
137,199,27263,734196099,1,1,3,3
137,211,28907,825646863,1,1,219,219
137,223,30551,922463931,1,1,3,3
137,227,31099,955928799,1,3,1,3
137,229,31373,972884829,1,1,21,21
137,233,31921,1007244081,1,3,1,3
137,239,32743,1059900939,1,9,1,9
137,241,33017,1077751353,1,1,3,3
137,251,34387,1169239383,1,3,1,3
137,257,35209,1225920969,1,9,7,63
137,263,36031,1283944131,1,3,1,3
137,269,36853,1343308869,1,3,1,3
137,271,37127,1363395243,1,1,21,21
137,277,37949,1424548749,1,1,3,3
137,281,38497,1466063073,1,3,1,3
137,283,38771,1487043831,1,1,3,3
137,293,40141,1594183581,1,9,1,9
139,149,20711,423042699,1,1,3,3
139,151,20989,434514133,1,1,1,1
139,157,21823,469849219,1,1,1,1
139,163,22657,506565481,1,1,1,1
139,167,23213,531810309,1,1,3,3
139,173,24047,570828531,1,1,3,3
139,179,24881,611227929,1,1,39,39
139,181,25159,625001323,1,1,1,1
139,191,26549,696170253,1,1,3,3
139,193,26827,710864431,1,1,1,1
139,197,27383,740713179,1,1,3,3
139,199,27661,755867749,1,1,1,1
139,211,29329,850017913,1,1,1,1
139,223,30997,949692781,1,1,1,1
139,227,31553,984145449,1,1,3,3
139,229,31831,1001601979,1,1,1,1
139,233,32387,1036975431,1,1,3,3
139,239,33221,1091186589,1,1,3,3
139,241,33499,1109563903,1,1,1,1
139,251,34889,1203752433,1,1,3,3
139,257,35723,1262107119,1,1,39,39
139,263,36557,1321842981,1,1,3,3
139,269,37391,1382960019,1,1,3,3
139,271,37669,1403639293,1,1,1,1
139,277,38503,1466597899,1,1,1,1
139,281,39059,1509337623,1,1,3,3
139,283,39337,1530937681,1,1,13,13
139,293,40727,1641239931,1,1,3,3
149,151,22499,499522503,1,1,3,3
149,157,23393,540144129,1,1,21,21
149,163,24287,582353571,1,1,3,3
149,167,24883,611375319,1,3,1,3
149,173,25777,656231121,1,9,1,9
149,179,26671,702674739,1,3,1,3
149,181,26969,718508793,1,1,93,93
149,191,28459,800325423,1,9,1,9
149,193,28757,817218021,1,1,3,3
149,197,29353,851532489,1,3,1,3
149,199,29651,868954359,1,1,21,21
149,211,31439,977190483,1,1,3,3
149,223,33227,1091777871,1,1,3,3
149,227,33823,1131385059,1,9,7,63
149,229,34121,1151453289,1,1,3,3
149,233,34717,1192119021,1,3,1,3
149,239,35611,1254440799,1,3,1,3
149,241,35909,1275567573,1,1,21,21
149,251,37399,1383847803,1,3,1,3
149,257,38293,1450933029,1,3,1,3
149,263,39187,1519606071,1,9,1,9
149,269,40081,1589866929,1,3,7,21
149,271,40379,1613640063,1,1,3,3
149,277,41273,1686018009,1,1,3,3
149,281,41869,1735152093,1,9,1,9
149,283,42167,1759983771,1,1,21,21
149,293,43657,1886788521,1,3,1,3
151,157,23707,554790943,1,1,1,1
151,163,24613,598144957,1,1,1,1
151,167,25217,627953673,1,1,3,3
151,173,26123,674025807,1,1,21,21
151,179,27029,721728813,1,1,3,3
151,181,27331,737992231,1,1,1,1
151,191,28841,822027441,1,1,3,3
151,193,29143,839378107,1,1,1,1
151,197,29747,874623063,1,1,3,3
151,199,30049,892517353,1,1,1,1
151,211,31861,1003688461,1,1,1,1
151,223,33673,1121383057,1,1,1,1
151,227,34277,1162064253,1,1,3,3
151,229,34579,1182676663,1,1,7,7
151,233,35183,1224445107,1,1,3,3
151,239,36089,1288456833,1,1,3,3
151,241,36391,1310156491,1,1,1,1
151,251,37901,1421372901,1,1,3,3
151,257,38807,1490277243,1,1,21,21
151,263,39713,1560812457,1,1,3,3
151,269,40619,1632978543,1,1,3,3
151,271,40921,1657396321,1,1,7,7
151,277,41827,1731736903,1,1,1,1
151,281,42431,1782203331,1,1,3,3
151,283,42733,1807708357,1,1,1,1
151,293,44243,1937951607,1,1,3,3
157,163,25591,646786651,1,1,7,7
157,167,26219,679019439,1,1,3,3
157,173,27161,728838201,1,7,3,21
157,179,28103,780420459,1,1,3,3
157,181,28417,798006433,1,1,1,1
157,191,29987,888875463,1,1,21,21
157,193,30301,907637101,1,1,1,1
157,197,30929,945748209,1,1,3,3
157,199,31243,965097679,1,1,1,1
157,211,33127,1085309323,1,1,1,1
157,223,35011,1212574951,1,1,1,1
157,227,35639,1256564379,1,1,3,3
157,229,35953,1278853009,1,7,1,7
157,233,36581,1324018101,1,1,21,21
157,239,37523,1393235319,1,1,3,3
157,241,37837,1416699613,1,1,1,1
157,251,39407,1536960243,1,1,3,3
157,257,40349,1611467949,1,7,3,21
157,263,41291,1687739151,1,1,3,3
157,269,42233,1765773849,1,1,3,3
157,271,42547,1792177303,1,7,1,7
157,277,43489,1872563329,1,1,1,1
157,281,44117,1927133733,1,1,3,3
157,283,44431,1954712851,1,1,1,1
157,293,46001,2095547601,1,1,3,3
163,167,27221,732081261,1,1,3,3
163,173,28199,785793099,1,1,3,3
163,179,29177,841406241,1,1,3,3
163,181,29503,860366467,1,1,1,1
163,191,31133,958336437,1,1,3,3
163,193,31459,978564199,1,1,1,1
163,197,32111,1019653491,1,1,3,3
163,199,32437,1040515021,1,1,7,7
163,211,34393,1170120577,1,1,1,1
163,223,36349,1307331349,1,1,1,1
163,227,37001,1354758321,1,1,21,21
163,229,37327,1378788691,1,1,1,1
163,233,37979,1427483199,1,1,3,3
163,239,38957,1502109381,1,1,3,3
163,241,39283,1527407287,1,1,7,7
163,251,40913,1657065657,1,1,3,3
163,257,41891,1737395751,1,1,3,3
163,263,42869,1819627149,1,1,3,3
163,269,43847,1903759851,1,1,21,21
163,271,44173,1932226597,1,1,1,1
163,277,45151,2018894371,1,1,1,1
163,281,45803,2077729167,1,1,3,3
163,283,46129,2107463449,1,1,7,7
163,293,47759,2259303699,1,1,3,3
167,173,28891,824953311,1,9,1,9
167,179,29893,883337949,1,3,1,3
167,181,30227,903243063,1,1,3,3
167,191,31897,1006095393,1,9,1,9
167,193,32231,1027331211,1,1,3,3
167,197,32899,1070468199,1,3,1,3
167,199,33233,1092369369,1,1,3,3
167,211,35237,1228433853,1,1,3,3
167,223,37241,1372482561,1,1,3,3
167,227,37909,1422273069,1,9,1,9
167,229,38243,1447500999,1,1,3,3
167,233,38911,1498622211,1,3,1,3
167,239,39913,1576967409,1,3,1,3
167,241,40247,1603526043,1,1,3,3
167,251,41917,1739645973,1,3,1,3
167,257,42919,1823979339,1,3,1,3
167,263,43921,1910308761,1,9,1,9
167,269,44923,1998634239,1,3,1,3
167,271,45257,2028519633,1,1,3,3
167,277,46259,2119506519,1,1,3,3
167,281,46927,2181273363,1,9,1,9
167,283,47261,2212489461,1,1,3,3
167,293,48931,2371896711,1,3,1,3
173,179,30967,948147291,1,39,7,273
173,181,31313,969512817,1,1,3,3
173,191,33043,1079911287,1,3,1,3
173,193,33389,1102705149,1,1,21,21
173,197,34081,1149007041,1,3,1,3
173,199,34427,1172515071,1,7,3,21
173,211,36503,1318562427,1,1,39,39
173,223,38579,1473179799,1,1,3,3
173,227,39271,1526623371,1,21,1,21
173,229,39617,1553702241,1,1,3,3
173,233,40309,1608574149,1,3,1,3
173,239,41347,1692667431,1,9,1,9
173,241,41693,1721174637,1,7,3,21
173,251,43423,1867281507,1,3,1,3
173,257,44461,1957802301,1,117,1,117
173,263,45499,2050465599,1,3,91,273
173,269,46537,2145271401,1,21,1,21
173,271,46883,2177349447,1,1,3,3
173,277,47921,2275011921,1,1,21,21
173,281,48613,2341310517,1,3,109,327
173,283,48959,2374816899,1,91,3,273
173,293,50689,2545919649,1,9,1,9
179,181,32399,1038128403,1,1,3,3
179,191,34189,1156340133,1,3,13,39
179,193,34547,1180747191,1,1,3,3
179,197,35263,1230326019,1,9,19,171
179,199,35621,1255497789,1,13,3,39
179,211,37769,1411881393,1,1,3,3
179,223,39917,1577441541,1,1,3,3
179,227,40633,1634667489,1,3,1,3
179,229,40991,1663662819,1,1,21,21
179,233,41707,1722418191,1,9,1,9
179,239,42781,1812463029,1,3,1,3
179,241,43139,1842987783,1,1,3,3
179,251,44929,1999435113,1,117,1,117
179,257,46003,2096362359,1,3,7,21
179,263,47077,2195583741,1,3,1,3
179,269,48151,2297099259,1,9,13,117
179,271,48509,2331447573,1,1,21,21
179,277,49583,2436021939,1,13,3,39
179,281,50299,2507012703,1,3,1,3
179,283,50657,2542890441,1,1,3,3
179,293,52447,2726102691,1,3,1,3
181,191,34571,1182397071,1,1,3,3
181,193,34933,1207354117,1,1,1,1
181,197,35657,1258050153,1,1,3,3
181,199,36019,1283789143,1,1,1,1
181,211,38191,1443696691,1,1,31,31
181,223,40363,1612987567,1,961,1,961
181,227,41087,1671503043,1,1,3,3
181,229,41449,1701151753,1,1,1,1
181,233,42173,1761231117,1,1,3,3
181,239,43259,1853305023,1,1,3,3
181,241,43621,1884517621,1,1,1,1
181,251,45431,2044490331,1,1,3,3
181,257,46517,2143601733,1,1,3,3
181,263,47603,2245058967,1,1,3,3
181,269,48689,2348862033,1,1,3,3
181,271,49051,2383984351,1,1,1,1
181,277,50137,2490915193,1,1,1,1
181,281,50861,2563505661,1,1,3,3
181,283,51223,2600191867,1,1,1,1
181,293,53033,2787532617,1,1,3,3
191,193,36863,1344835587,1,1,3,3
191,197,37627,1401304383,1,3,1,3
191,199,38009,1429974273,1,1,21,21
191,211,40301,1608090501,1,1,3,3
191,223,42593,1796658537,1,1,93,93
191,227,43357,1861837173,1,3,7,21
191,229,43739,1894861983,1,1,3,3
191,233,44503,1961782587,1,3,1,3
191,239,45649,2064340953,1,9,1,9
191,241,46031,2099107731,1,1,21,21
191,251,47941,2277296541,1,3,1,3
191,257,49087,2387693763,1,9,13,117
191,263,50233,2500703937,1,3,1,3
191,269,51379,2616327063,1,3,7,21
191,271,51761,2655448761,1,1,3,3
191,277,52907,2774555823,1,1,3,3
191,281,53671,2855412171,1,3,1,3
191,283,54053,2896275837,1,1,273,273
191,293,55963,3104949087,1,9,1,9
193,197,38021,1430881941,1,1,3,3
193,199,38407,1460156971,1,1,1,1
193,211,40723,1642032727,1,1,1,1
193,223,43039,1834580899,1,1,1,1
193,227,43811,1901135271,1,1,3,3
193,229,44197,1934857141,1,1,7,7
193,233,44969,2003190249,1,1,3,3
193,239,46127,2107913331,1,1,3,3
193,241,46513,2143413937,1,1,1,1
193,251,48443,2325363807,1,1,3,3
193,257,49601,2438091201,1,1,21,21
193,263,50759,2553486699,1,1,3,3
193,269,51917,2671550301,1,1,3,3
193,271,52303,2711497747,1,1,7,7
193,277,53461,2833118821,1,1,1,1
193,281,54233,2915681817,1,1,3,3
193,283,54619,2957407999,1,1,1,1
193,293,56549,3170485749,1,1,3,3
197,199,39203,1521468039,1,1,3,3
197,211,41567,1710980643,211,1,3,3
197,223,43931,1911613791,1,1,3,3
197,227,44719,1980962739,1,3,1,3
197,229,45113,2016100569,1,1,3,3
197,233,45901,2087302941,1,9,1,9
197,239,47083,2196423279,1,3,1,3
197,241,47477,2233414533,1,1,3,3
197,251,49447,2423004363,1,9,1,9
197,257,50629,2540465109,1,3,61,183
197,263,51811,2660705991,1,3,1,3
197,269,52993,2783727009,1,9,1,9
197,271,53387,2825351823,1,1,3,3
197,277,54569,2952079689,1,1,3,3
197,281,55357,3038109453,1,3,1,3
197,283,55751,3081587691,1,1,3,3
197,293,57721,3303612441,1,3,19,57
199,211,41989,1745986333,1,1,13,13
199,223,44377,1950724321,1,1,1,1
199,227,45173,2021492109,1,1,3,3
199,229,45571,2057348839,1,49,1,49
199,233,46367,2130007971,1,1,21,21
199,239,47561,2241360849,1,1,3,3
199,241,47959,2279108923,1,1,1,1
199,251,49949,2472577653,1,1,3,3
199,257,51143,2592441579,1,91,3,273
199,263,52337,2715142521,1,1,39,39
199,269,53531,2840680479,1,1,3,3
199,271,53929,2883156913,1,7,1,7
199,277,55123,3012477559,1,1,1,1
199,281,55919,3100267443,1,1,3,3
199,283,56317,3144635221,1,13,1,13
199,293,58307,3371202471,1,1,3,3
211,223,47053,2193704677,1,1,1,1
211,227,47897,2273287233,1,1,3,3
211,229,48319,2313610243,1,1,1,1
211,233,49163,2395319727,1,1,3,3
211,239,50429,2520542613,1,1,3,3
211,241,50851,2562992551,1,1,1,1
211,251,52961,2780559561,1,1,39,39
211,257,54227,2915353623,1,1,3,3
211,263,55493,3053338077,1,1,3,3
211,269,56759,3194512923,1,1,3,3
211,271,57181,3242280181,1,1,1,1
211,277,58447,3387708883,1,1,13,13
211,281,59291,3486433791,1,1,3,3
211,283,59713,3536327977,1,1,73,73
211,293,61823,3791116227,1,1,3,3
223,227,50621,2539857621,1,1,3,3
223,229,51067,2584908991,1,1,1,1
223,233,51959,2676199899,1,1,3,3
223,239,53297,2816106681,1,1,3,3
223,241,53743,2863534387,1,1,1,1
223,251,55973,3106613757,1,1,3,3
223,257,57311,3257214051,1,1,3,3
223,263,58649,3411378849,223,1,3,3
223,269,59987,3569108151,1,1,3,3
223,271,60433,3622476697,1,1,1,1
223,277,61771,3784958671,1,1,1,1
223,281,62663,3895260267,1,1,3,3
223,283,63109,3951005149,1,1,1,1
223,293,65339,4235670399,1,1,3,3
227,229,51983,2678683539,1,7,3,21
227,233,52891,2773286271,1,3,7,21
227,239,54253,2918268549,1,9,1,9
227,241,54707,2967416823,1,1,3,3
227,251,56977,3219314553,1,3,1,3
227,257,58339,3375378279,1,63,1,63
227,263,59701,3535135821,1,3,1,3
227,269,61063,3698587179,1,3,1,3
227,271,61517,3753891813,1,7,3,21
227,277,62879,3922268259,1,1,3,3
227,281,63787,4036571343,1,3,1,3
227,283,64241,4094338521,1,1,3,3
227,293,66511,4389330771,1,9,1,9
229,233,53357,2822478141,1,1,3,3
229,239,54731,2970032079,1,1,3,3
229,241,55189,3020052133,1,7,1,7
229,251,57479,3276417963,1,1,3,3
229,257,58853,3435249909,1,1,3,3
229,263,60227,3597841191,1,1,21,21
229,269,61601,3764191809,1,7,3,21
229,271,62059,3820477423,1,1,1,1
229,277,63433,3991840489,1,1,7,7
229,281,64349,4108171053,1,1,3,3
229,283,64807,4166962891,1,7,1,7
229,293,67097,4467187641,1,1,3,3
233,239,55687,3074924331,1,3,1,3
233,241,56153,3126710937,1,1,21,21
233,251,58483,3392130807,1,9,1,9
233,257,59881,3556572201,1,3,1,3
233,263,61279,3724905699,1,3,1,3
233,269,62677,3897131301,1,9,259,2331
233,271,63143,3955404747,1,1,3,3
233,277,64541,4132819821,1,1,3,3
233,281,65473,4253258817,1,3,1,3
233,283,65939,4314126999,1,1,21,21
233,293,68269,4624954749,1,3,1,3
239,241,57599,3290169603,1,1,3,3
239,251,59989,3569465133,1,3,1,3
239,257,61423,3742503219,1,3,1,3
239,263,62857,3919636881,1,9,1,9
239,269,64291,4100866119,1,3,1,3
239,271,64769,4162185993,1,1,3,3
239,277,66203,4348875999,1,1,3,3
239,281,67159,4475611323,1,9,1,9
239,283,67637,4539661581,283,1,3,3
239,293,70027,4866738831,1,3,1,3
241,251,60491,3629580591,1,1,3,3
241,257,61937,3805532913,241,49,3,147
241,263,63383,3985649787,1,1,3,3
241,269,64829,4169931213,1,1,3,3
241,271,65311,4232283811,1,7,1,7
241,277,66757,4422117973,1,1,1,1
241,281,67721,4550987721,1,1,3,3
241,283,68203,4616116687,1,1,1,1
241,293,70613,4948702437,1,1,3,3
251,257,64507,4128576543,1,39,1,39
251,263,66013,4323983157,1,3,13,39
251,269,67519,4523907843,1,9,1,9
251,271,68021,4591553421,1,1,3,3
251,277,69527,4797502203,1,1,3,3
251,281,70531,4937311431,1,3,1,3
251,283,71033,5007969057,1,13,3,39
251,293,73543,5368787307,1,3,1,3
257,263,67591,4533598251,1,9,7,63
257,269,69133,4743214749,1,21,13,273
257,271,69647,4814139603,1,1,3,3
257,277,71189,5030072229,1,13,21,273
257,281,72217,5176659033,1,9,1,9
257,283,72731,5250741951,1,7,3,21
257,293,75301,5629051701,1,3,1,3
263,269,70747,4967712351,1,3,1,3
263,271,71273,5041994097,1,1,21,21
263,277,72851,5268146871,1,1,39,39
263,281,73903,5421671667,1,3,1,3
263,283,74429,5499260949,1,1,3,3
263,293,77059,5895476199,1,9,1,9
269,271,72899,5275116903,1,7,3,21
269,277,74513,5511726129,1,1,3,3
269,281,75589,5672349333,1,3,1,3
269,283,76127,5753526051,1,1,39,39
269,293,78817,6168060801,1,3,1,3
271,277,75067,5594142463,1,1,7,7
271,281,76151,5757167451,1,1,3,3
271,283,76693,5839557997,1,7,1,7
271,293,79403,6260291247,1,1,3,3
277,281,77837,6015398493,1,1,3,3
277,283,78391,6101484571,1,13,1,13
277,293,81161,6541089321,1,1,3,3
281,283,79523,6279294567,1,1,3,3
281,293,82333,6731710317,1,9,1,9
283,293,82919,6828047499,1,1,3,3
