p,q,f,valuation,p_mod_q1,f_mod_q1,root_mod_q1,p_mod_q2,f_mod_q2,root_mod_q2,p_mod_q3,f_mod_q3,root_mod_q3,p_mod_q4,f_mod_q4,root_mod_q4,p_mod_q5,f_mod_q5,root_mod_q5
2,3,3,1,2,0,True,2,3,False,2,3,False,2,3,False,2,3,False
3,3,7,0,0,1,False,3,7,False,3,7,False,3,7,False,3,7,False
5,3,21,1,2,0,True,5,3,False,5,21,False,5,21,False,5,21,False
7,3,43,0,1,1,False,7,7,False,7,16,False,7,43,False,7,43,False
11,3,111,1,2,0,True,2,3,False,11,3,False,11,30,False,11,111,False
13,3,157,0,1,1,False,4,4,False,13,22,False,13,76,False,13,157,False
17,3,273,1,2,0,True,8,3,False,17,3,False,17,30,False,17,30,False
19,3,343,0,1,1,False,1,1,False,19,19,False,19,19,False,19,100,False
23,3,507,1,2,0,True,5,3,False,23,21,False,23,21,False,23,21,False
29,3,813,1,2,0,True,2,3,False,2,3,False,29,3,False,29,84,False
31,3,931,0,1,1,False,4,4,False,4,13,False,31,40,False,31,202,False
37,3,1333,0,1,1,False,1,1,False,10,10,False,37,37,False,37,118,False
41,3,1641,1,2,0,True,5,3,False,14,21,False,41,21,False,41,183,False
43,3,1807,0,1,1,False,7,7,False,16,25,False,43,25,False,43,106,False
47,3,2163,1,2,0,True,2,3,False,20,3,False,47,57,False,47,219,False
53,3,2757,1,2,0,True,8,3,False,26,3,False,53,3,False,53,84,False
59,3,3423,1,2,0,True,5,3,False,5,21,False,59,21,False,59,21,False
61,3,3661,0,1,1,False,7,7,False,7,16,False,61,16,False,61,16,False
67,3,4423,0,1,1,False,4,4,False,13,22,False,67,49,False,67,49,False
71,3,4971,1,2,0,True,8,3,False,17,3,False,71,30,False,71,111,False
73,3,5257,0,1,1,False,1,1,False,19,19,False,73,73,False,73,154,False
79,3,6163,0,1,1,False,7,7,False,25,7,False,79,7,False,79,88,False
83,3,6807,1,2,0,True,2,3,False,2,3,False,2,3,False,83,3,False
89,3,7833,1,2,0,True,8,3,False,8,3,False,8,57,False,89,57,False
97,3,9313,0,1,1,False,7,7,False,16,25,False,16,79,False,97,79,False
101,3,10101,1,2,0,True,2,3,False,20,3,False,20,57,False,101,138,False
103,3,10507,0,1,1,False,4,4,False,22,4,False,22,58,False,103,58,False
107,3,11343,1,2,0,True,8,3,False,26,3,False,26,3,False,107,165,False
109,3,11773,0,1,1,False,1,1,False,1,1,False,28,28,False,109,109,False
113,3,12657,1,2,0,True,5,3,False,5,21,False,32,21,False,113,21,False
127,3,16003,0,1,1,False,1,1,False,19,19,False,46,46,False,127,208,False
131,3,17031,1,2,0,True,5,3,False,23,21,False,50,21,False,131,21,False
137,3,18633,1,2,0,True,2,3,False,2,3,False,56,3,False,137,165,False
139,3,19183,0,1,1,False,4,4,False,4,13,False,58,67,False,139,229,False
149,3,22053,1,2,0,True,5,3,False,14,21,False,68,21,False,149,183,False
151,3,22651,0,1,1,False,7,7,False,16,25,False,70,52,False,151,52,False
157,3,24493,0,1,1,False,4,4,False,22,4,False,76,31,False,157,193,False
163,3,26407,0,1,1,False,1,1,False,1,1,False,1,1,False,163,163,False
167,3,27723,1,2,0,True,5,3,False,5,21,False,5,21,False,167,21,False
173,3,29757,1,2,0,True,2,3,False,11,3,False,11,30,False,173,111,False
179,3,31863,1,2,0,True,8,3,False,17,3,False,17,30,False,179,30,False
181,3,32581,0,1,1,False,1,1,False,19,19,False,19,19,False,181,19,False
191,3,36291,1,2,0,True,2,3,False,2,3,False,29,3,False,191,84,False
193,3,37057,0,1,1,False,4,4,False,4,13,False,31,40,False,193,121,False
197,3,38613,1,2,0,True,8,3,False,8,3,False,35,57,False,197,219,False
199,3,39403,0,1,1,False,1,1,False,10,10,False,37,37,False,199,37,False
2,5,3,0,2,3,False,2,3,False,2,3,False,2,3,False,2,3,False
3,5,7,0,3,2,False,3,7,False,3,7,False,3,7,False,3,7,False
5,5,21,0,0,1,False,5,21,False,5,21,False,5,21,False,5,21,False
7,5,43,0,2,3,False,7,18,False,7,43,False,7,43,False,7,43,False
11,5,111,0,1,1,False,11,11,False,11,111,False,11,111,False,11,111,False
13,5,157,0,3,2,False,13,7,False,13,32,False,13,157,False,13,157,False
17,5,273,0,2,3,False,17,23,False,17,23,False,17,273,False,17,273,False
19,5,343,0,4,3,False,19,18,False,19,93,False,19,343,False,19,343,False
23,5,507,0,3,2,False,23,7,False,23,7,False,23,507,False,23,507,False
29,5,813,0,4,3,False,4,13,False,29,63,False,29,188,False,29,813,False
31,5,931,0,1,1,False,6,6,False,31,56,False,31,306,False,31,931,False
37,5,1333,0,2,3,False,12,8,False,37,83,False,37,83,False,37,1333,False
41,5,1641,0,1,1,False,16,16,False,41,16,False,41,391,False,41,1641,False
43,5,1807,0,3,2,False,18,7,False,43,57,False,43,557,False,43,1807,False
47,5,2163,0,2,3,False,22,13,False,47,38,False,47,288,False,47,2163,False
53,5,2757,0,3,2,False,3,7,False,53,7,False,53,257,False,53,2757,False
59,5,3423,0,4,3,False,9,23,False,59,48,False,59,298,False,59,298,False
61,5,3661,0,1,1,False,11,11,False,61,36,False,61,536,False,61,536,False
67,5,4423,0,2,3,False,17,23,False,67,48,False,67,48,False,67,1298,False
71,5,4971,0,1,1,False,21,21,False,71,96,False,71,596,False,71,1846,False
73,5,5257,0,3,2,False,23,7,False,73,7,False,73,257,False,73,2132,False
79,5,6163,0,4,3,False,4,13,False,79,38,False,79,538,False,79,3038,False
83,5,6807,0,3,2,False,8,7,False,83,57,False,83,557,False,83,557,False
89,5,7833,0,4,3,False,14,8,False,89,83,False,89,333,False,89,1583,False
97,5,9313,0,2,3,False,22,13,False,97,63,False,97,563,False,97,3063,False
101,5,10101,0,1,1,False,1,1,False,101,101,False,101,101,False,101,726,False
103,5,10507,0,3,2,False,3,7,False,103,7,False,103,507,False,103,1132,False
107,5,11343,0,2,3,False,7,18,False,107,93,False,107,93,False,107,1968,False
109,5,11773,0,4,3,False,9,23,False,109,23,False,109,523,False,109,2398,False
113,5,12657,0,3,2,False,13,7,False,113,32,False,113,157,False,113,157,False
127,5,16003,0,2,3,False,2,3,False,2,3,False,127,378,False,127,378,False
131,5,17031,0,1,1,False,6,6,False,6,31,False,131,156,False,131,1406,False
137,5,18633,0,2,3,False,12,8,False,12,8,False,137,508,False,137,3008,False
139,5,19183,0,4,3,False,14,8,False,14,58,False,139,433,False,139,433,False
149,5,22053,0,4,3,False,24,3,False,24,53,False,149,178,False,149,178,False
151,5,22651,0,1,1,False,1,1,False,26,26,False,151,151,False,151,776,False
157,5,24493,0,2,3,False,7,18,False,32,118,False,157,118,False,157,2618,False
163,5,26407,0,3,2,False,13,7,False,38,32,False,163,157,False,163,1407,False
167,5,27723,0,2,3,False,17,23,False,42,98,False,167,223,False,167,2723,False
173,5,29757,0,3,2,False,23,7,False,48,7,False,173,382,False,173,1632,False
179,5,31863,0,4,3,False,4,13,False,54,113,False,179,613,False,179,613,False
181,5,32581,0,1,1,False,6,6,False,56,81,False,181,81,False,181,1331,False
191,5,36291,0,1,1,False,16,16,False,66,41,False,191,41,False,191,1916,False
193,5,37057,0,3,2,False,18,7,False,68,57,False,193,182,False,193,2682,False
197,5,38613,0,2,3,False,22,13,False,72,113,False,197,488,False,197,1113,False
199,5,39403,0,4,3,False,24,3,False,74,28,False,199,28,False,199,1903,False
2,7,3,0,2,3,False,2,3,False,2,3,False,2,3,False,2,3,False
3,7,7,1,3,0,True,3,7,False,3,7,False,3,7,False,3,7,False
5,7,21,1,5,0,True,5,21,False,5,21,False,5,21,False,5,21,False
7,7,43,0,0,1,False,7,43,False,7,43,False,7,43,False,7,43,False
11,7,111,0,4,6,False,11,13,False,11,111,False,11,111,False,11,111,False
13,7,157,0,6,3,False,13,10,False,13,157,False,13,157,False,13,157,False
17,7,273,1,3,0,True,17,28,False,17,273,False,17,273,False,17,273,False
19,7,343,3,5,0,True,19,0,True,19,0,True,19,343,False,19,343,False
23,7,507,0,2,3,False,23,17,False,23,164,False,23,507,False,23,507,False
29,7,813,0,1,1,False,29,29,False,29,127,False,29,813,False,29,813,False
31,7,931,2,3,0,True,31,0,True,31,245,False,31,931,False,31,931,False
37,7,1333,0,2,3,False,37,10,False,37,304,False,37,1333,False,37,1333,False
41,7,1641,0,6,3,False,41,24,False,41,269,False,41,1641,False,41,1641,False
43,7,1807,0,1,1,False,43,43,False,43,92,False,43,1807,False,43,1807,False
47,7,2163,1,5,0,True,47,7,False,47,105,False,47,2163,False,47,2163,False
53,7,2757,0,4,6,False,4,13,False,53,13,False,53,356,False,53,2757,False
59,7,3423,1,3,0,True,10,42,False,59,336,False,59,1022,False,59,3423,False
61,7,3661,1,5,0,True,12,35,False,61,231,False,61,1260,False,61,3661,False
67,7,4423,0,4,6,False,18,13,False,67,307,False,67,2022,False,67,4423,False
71,7,4971,0,1,1,False,22,22,False,71,169,False,71,169,False,71,4971,False
73,7,5257,1,3,0,True,24,14,False,73,112,False,73,455,False,73,5257,False
79,7,6163,0,2,3,False,30,38,False,79,332,False,79,1361,False,79,6163,False
83,7,6807,0,6,3,False,34,45,False,83,290,False,83,2005,False,83,6807,False
89,7,7833,1,5,0,True,40,42,False,89,287,False,89,630,False,89,7833,False
97,7,9313,0,6,3,False,48,3,False,97,52,False,97,2110,False,97,9313,False
101,7,10101,1,3,0,True,3,7,False,101,154,False,101,497,False,101,10101,False
103,7,10507,1,5,0,True,5,21,False,103,217,False,103,903,False,103,10507,False
107,7,11343,0,2,3,False,9,24,False,107,24,False,107,1739,False,107,11343,False
109,7,11773,0,4,6,False,11,13,False,109,111,False,109,2169,False,109,11773,False
113,7,12657,0,1,1,False,15,15,False,113,309,False,113,652,False,113,12657,False
127,7,16003,0,1,1,False,29,29,False,127,225,False,127,1597,False,127,16003,False
131,7,17031,1,5,0,True,33,28,False,131,224,False,131,224,False,131,224,False
137,7,18633,0,4,6,False,39,13,False,137,111,False,137,1826,False,137,1826,False
139,7,19183,0,6,3,False,41,24,False,139,318,False,139,2376,False,139,2376,False
149,7,22053,0,2,3,False,2,3,False,149,101,False,149,444,False,149,5246,False
151,7,22651,0,4,6,False,4,13,False,151,13,False,151,1042,False,151,5844,False
157,7,24493,1,3,0,True,10,42,False,157,140,False,157,483,False,157,7686,False
163,7,26407,0,2,3,False,16,45,False,163,339,False,163,2397,False,163,9600,False
167,7,27723,0,6,3,False,20,38,False,167,283,False,167,1312,False,167,10916,False
173,7,29757,1,5,0,True,26,14,False,173,259,False,173,945,False,173,12950,False
179,7,31863,0,4,6,False,32,13,False,179,307,False,179,650,False,179,15056,False
181,7,32581,0,6,3,False,34,45,False,181,339,False,181,1368,False,181,15774,False
191,7,36291,0,2,3,False,44,31,False,191,276,False,191,276,False,191,2677,False
193,7,37057,0,4,6,False,46,13,False,193,13,False,193,1042,False,193,3443,False
197,7,38613,0,1,1,False,1,1,False,197,197,False,197,197,False,197,4999,False
199,7,39403,1,3,0,True,3,7,False,199,301,False,199,987,False,199,5789,False
2,11,3,0,2,3,False,2,3,False,2,3,False,2,3,False,2,3,False
3,11,7,0,3,7,False,3,7,False,3,7,False,3,7,False,3,7,False
5,11,21,0,5,10,False,5,21,False,5,21,False,5,21,False,5,21,False
7,11,43,0,7,10,False,7,43,False,7,43,False,7,43,False,7,43,False
11,11,111,0,0,1,False,11,111,False,11,111,False,11,111,False,11,111,False
13,11,157,0,2,3,False,13,36,False,13,157,False,13,157,False,13,157,False
17,11,273,0,6,9,False,17,31,False,17,273,False,17,273,False,17,273,False
19,11,343,0,8,2,False,19,101,False,19,343,False,19,343,False,19,343,False
23,11,507,0,1,1,False,23,23,False,23,507,False,23,507,False,23,507,False
29,11,813,0,7,10,False,29,87,False,29,813,False,29,813,False,29,813,False
31,11,931,0,9,7,False,31,84,False,31,931,False,31,931,False,31,931,False
37,11,1333,0,4,2,False,37,2,False,37,2,False,37,1333,False,37,1333,False
41,11,1641,0,8,2,False,41,68,False,41,310,False,41,1641,False,41,1641,False
43,11,1807,0,10,3,False,43,113,False,43,476,False,43,1807,False,43,1807,False
47,11,2163,0,3,7,False,47,106,False,47,832,False,47,2163,False,47,2163,False
53,11,2757,0,9,7,False,53,95,False,53,95,False,53,2757,False,53,2757,False
59,11,3423,0,4,2,False,59,35,False,59,761,False,59,3423,False,59,3423,False
61,11,3661,0,6,9,False,61,31,False,61,999,False,61,3661,False,61,3661,False
67,11,4423,0,1,1,False,67,67,False,67,430,False,67,4423,False,67,4423,False
71,11,4971,0,5,10,False,71,10,False,71,978,False,71,4971,False,71,4971,False
73,11,5257,0,7,10,False,73,54,False,73,1264,False,73,5257,False,73,5257,False
79,11,6163,0,2,3,False,79,113,False,79,839,False,79,6163,False,79,6163,False
83,11,6807,0,6,9,False,83,31,False,83,152,False,83,6807,False,83,6807,False
89,11,7833,0,1,1,False,89,89,False,89,1178,False,89,7833,False,89,7833,False
97,11,9313,0,9,7,False,97,117,False,97,1327,False,97,9313,False,97,9313,False
101,11,10101,0,2,3,False,101,58,False,101,784,False,101,10101,False,101,10101,False
103,11,10507,0,4,2,False,103,101,False,103,1190,False,103,10507,False,103,10507,False
107,11,11343,0,8,2,False,107,90,False,107,695,False,107,11343,False,107,11343,False
109,11,11773,0,10,3,False,109,36,False,109,1125,False,109,11773,False,109,11773,False
113,11,12657,0,3,7,False,113,73,False,113,678,False,113,12657,False,113,12657,False
127,11,16003,0,6,9,False,6,31,False,127,31,False,127,1362,False,127,16003,False
131,11,17031,0,10,3,False,10,91,False,131,1059,False,131,2390,False,131,17031,False
137,11,18633,0,5,10,False,16,120,False,137,1330,False,137,3992,False,137,18633,False
139,11,19183,0,7,10,False,18,65,False,139,549,False,139,4542,False,139,19183,False
149,11,22053,0,6,9,False,28,31,False,149,757,False,149,7412,False,149,22053,False
151,11,22651,0,8,2,False,30,24,False,151,24,False,151,8010,False,151,22651,False
157,11,24493,0,3,7,False,36,51,False,157,535,False,157,9852,False,157,24493,False
163,11,26407,0,9,7,False,42,29,False,163,1118,False,163,11766,False,163,26407,False
167,11,27723,0,2,3,False,46,14,False,167,1103,False,167,13082,False,167,27723,False
173,11,29757,0,8,2,False,52,112,False,173,475,False,173,475,False,173,29757,False
179,11,31863,0,3,7,False,58,40,False,179,1250,False,179,2581,False,179,31863,False
181,11,32581,0,5,10,False,60,32,False,181,637,False,181,3299,False,181,32581,False
191,11,36291,0,4,2,False,70,112,False,191,354,False,191,7009,False,191,36291,False
193,11,37057,0,6,9,False,72,31,False,193,1120,False,193,7775,False,193,37057,False
197,11,38613,0,10,3,False,76,14,False,197,14,False,197,9331,False,197,38613,False
199,11,39403,0,1,1,False,78,78,False,199,804,False,199,10121,False,199,39403,False
2,13,3,0,2,3,False,2,3,False,2,3,False,2,3,False,2,3,False
3,13,7,0,3,7,False,3,7,False,3,7,False,3,7,False,3,7,False
5,13,21,0,5,8,False,5,21,False,5,21,False,5,21,False,5,21,False
7,13,43,0,7,4,False,7,43,False,7,43,False,7,43,False,7,43,False
11,13,111,0,11,7,False,11,111,False,11,111,False,11,111,False,11,111,False
13,13,157,0,0,1,False,13,157,False,13,157,False,13,157,False,13,157,False
17,13,273,1,4,0,True,17,104,False,17,273,False,17,273,False,17,273,False
19,13,343,0,6,5,False,19,5,False,19,343,False,19,343,False,19,343,False
23,13,507,2,10,0,True,23,0,True,23,507,False,23,507,False,23,507,False
29,13,813,0,3,7,False,29,137,False,29,813,False,29,813,False,29,813,False
31,13,931,0,5,8,False,31,86,False,31,931,False,31,931,False,31,931,False
37,13,1333,0,11,7,False,37,150,False,37,1333,False,37,1333,False,37,1333,False
41,13,1641,0,2,3,False,41,120,False,41,1641,False,41,1641,False,41,1641,False
43,13,1807,1,4,0,True,43,117,False,43,1807,False,43,1807,False,43,1807,False
47,13,2163,0,8,5,False,47,135,False,47,2163,False,47,2163,False,47,2163,False
53,13,2757,0,1,1,False,53,53,False,53,560,False,53,2757,False,53,2757,False
59,13,3423,0,7,4,False,59,43,False,59,1226,False,59,3423,False,59,3423,False
61,13,3661,0,9,8,False,61,112,False,61,1464,False,61,3661,False,61,3661,False
67,13,4423,0,2,3,False,67,29,False,67,29,False,67,4423,False,67,4423,False
71,13,4971,0,6,5,False,71,70,False,71,577,False,71,4971,False,71,4971,False
73,13,5257,0,8,5,False,73,18,False,73,863,False,73,5257,False,73,5257,False
79,13,6163,0,1,1,False,79,79,False,79,1769,False,79,6163,False,79,6163,False
83,13,6807,0,5,8,False,83,47,False,83,216,False,83,6807,False,83,6807,False
89,13,7833,0,11,7,False,89,59,False,89,1242,False,89,7833,False,89,7833,False
97,13,9313,0,6,5,False,97,18,False,97,525,False,97,9313,False,97,9313,False
101,13,10101,1,10,0,True,101,130,False,101,1313,False,101,10101,False,101,10101,False
103,13,10507,0,12,3,False,103,29,False,103,1719,False,103,10507,False,103,10507,False
107,13,11343,0,3,7,False,107,20,False,107,358,False,107,11343,False,107,11343,False
109,13,11773,0,5,8,False,109,112,False,109,788,False,109,11773,False,109,11773,False
113,13,12657,0,9,8,False,113,151,False,113,1672,False,113,12657,False,113,12657,False
127,13,16003,1,10,0,True,127,117,False,127,624,False,127,16003,False,127,16003,False
131,13,17031,0,1,1,False,131,131,False,131,1652,False,131,17031,False,131,17031,False
137,13,18633,0,7,4,False,137,43,False,137,1057,False,137,18633,False,137,18633,False
139,13,19183,0,9,8,False,139,86,False,139,1607,False,139,19183,False,139,19183,False
149,13,22053,0,6,5,False,149,83,False,149,83,False,149,22053,False,149,22053,False
151,13,22651,0,8,5,False,151,5,False,151,681,False,151,22651,False,151,22651,False
157,13,24493,0,1,1,False,157,157,False,157,326,False,157,24493,False,157,24493,False
163,13,26407,0,7,4,False,163,43,False,163,43,False,163,26407,False,163,26407,False
167,13,27723,0,11,7,False,167,7,False,167,1359,False,167,27723,False,167,27723,False
173,13,29757,1,4,0,True,4,13,False,173,1196,False,173,1196,False,173,29757,False
179,13,31863,1,10,0,True,10,91,False,179,1105,False,179,3302,False,179,31863,False
181,13,32581,0,12,3,False,12,133,False,181,1823,False,181,4020,False,181,32581,False
191,13,36291,0,9,8,False,22,125,False,191,1139,False,191,7730,False,191,36291,False
193,13,37057,0,11,7,False,24,46,False,193,1905,False,193,8496,False,193,37057,False
197,13,38613,0,2,3,False,28,81,False,197,1264,False,197,10052,False,197,38613,False
199,13,39403,1,4,0,True,30,26,False,199,2054,False,199,10842,False,199,39403,False
2,17,3,0,2,3,False,2,3,False,2,3,False,2,3,False,2,3,False
3,17,7,0,3,7,False,3,7,False,3,7,False,3,7,False,3,7,False
5,17,21,0,5,4,False,5,21,False,5,21,False,5,21,False,5,21,False
7,17,43,0,7,9,False,7,43,False,7,43,False,7,43,False,7,43,False
11,17,111,0,11,9,False,11,111,False,11,111,False,11,111,False,11,111,False
13,17,157,0,13,4,False,13,157,False,13,157,False,13,157,False,13,157,False
17,17,273,0,0,1,False,17,273,False,17,273,False,17,273,False,17,273,False
19,17,343,0,2,3,False,19,54,False,19,343,False,19,343,False,19,343,False
23,17,507,0,6,14,False,23,218,False,23,507,False,23,507,False,23,507,False
29,17,813,0,12,14,False,29,235,False,29,813,False,29,813,False,29,813,False
31,17,931,0,14,13,False,31,64,False,31,931,False,31,931,False,31,931,False
37,17,1333,0,3,7,False,37,177,False,37,1333,False,37,1333,False,37,1333,False
41,17,1641,0,7,9,False,41,196,False,41,1641,False,41,1641,False,41,1641,False
43,17,1807,0,9,5,False,43,73,False,43,1807,False,43,1807,False,43,1807,False
47,17,2163,0,13,4,False,47,140,False,47,2163,False,47,2163,False,47,2163,False
53,17,2757,0,2,3,False,53,156,False,53,2757,False,53,2757,False,53,2757,False
59,17,3423,0,8,6,False,59,244,False,59,3423,False,59,3423,False,59,3423,False
61,17,3661,0,10,6,False,61,193,False,61,3661,False,61,3661,False,61,3661,False
67,17,4423,0,16,3,False,67,88,False,67,4423,False,67,4423,False,67,4423,False
71,17,4971,0,3,7,False,71,58,False,71,58,False,71,4971,False,71,4971,False
73,17,5257,0,5,4,False,73,55,False,73,344,False,73,5257,False,73,5257,False
79,17,6163,0,11,9,False,79,94,False,79,1250,False,79,6163,False,79,6163,False
83,17,6807,0,15,7,False,83,160,False,83,1894,False,83,6807,False,83,6807,False
89,17,7833,0,4,13,False,89,30,False,89,2920,False,89,7833,False,89,7833,False
97,17,9313,0,12,14,False,97,65,False,97,4400,False,97,9313,False,97,9313,False
101,17,10101,0,16,3,False,101,275,False,101,275,False,101,10101,False,101,10101,False
103,17,10507,0,1,1,False,103,103,False,103,681,False,103,10507,False,103,10507,False
107,17,11343,0,5,4,False,107,72,False,107,1517,False,107,11343,False,107,11343,False
109,17,11773,0,7,9,False,109,213,False,109,1947,False,109,11773,False,109,11773,False
113,17,12657,0,11,9,False,113,230,False,113,2831,False,113,12657,False,113,12657,False
127,17,16003,0,8,6,False,127,108,False,127,1264,False,127,16003,False,127,16003,False
131,17,17031,0,12,14,False,131,269,False,131,2292,False,131,17031,False,131,17031,False
137,17,18633,0,1,1,False,137,137,False,137,3894,False,137,18633,False,137,18633,False
139,17,19183,0,3,7,False,139,109,False,139,4444,False,139,19183,False,139,19183,False
149,17,22053,0,13,4,False,149,89,False,149,2401,False,149,22053,False,149,22053,False
151,17,22651,0,15,7,False,151,109,False,151,2999,False,151,22651,False,151,22651,False
157,17,24493,0,4,13,False,157,217,False,157,4841,False,157,24493,False,157,24493,False
163,17,26407,0,10,6,False,163,108,False,163,1842,False,163,26407,False,163,26407,False
167,17,27723,0,14,13,False,167,268,False,167,3158,False,167,27723,False,167,27723,False
173,17,29757,0,3,7,False,173,279,False,173,279,False,173,29757,False,173,29757,False
179,17,31863,0,9,5,False,179,73,False,179,2385,False,179,31863,False,179,31863,False
181,17,32581,0,11,9,False,181,213,False,181,3103,False,181,32581,False,181,32581,False
191,17,36291,0,4,13,False,191,166,False,191,1900,False,191,36291,False,191,36291,False
193,17,37057,0,6,14,False,193,65,False,193,2666,False,193,37057,False,193,37057,False
197,17,38613,0,10,6,False,197,176,False,197,4222,False,197,38613,False,197,38613,False
199,17,39403,0,12,14,False,199,99,False,199,99,False,199,39403,False,199,39403,False
2,19,3,0,2,3,False,2,3,False,2,3,False,2,3,False,2,3,False
3,19,7,0,3,7,False,3,7,False,3,7,False,3,7,False,3,7,False
5,19,21,0,5,2,False,5,21,False,5,21,False,5,21,False,5,21,False
7,19,43,0,7,5,False,7,43,False,7,43,False,7,43,False,7,43,False
11,19,111,0,11,16,False,11,111,False,11,111,False,11,111,False,11,111,False
13,19,157,0,13,5,False,13,157,False,13,157,False,13,157,False,13,157,False
17,19,273,0,17,7,False,17,273,False,17,273,False,17,273,False,17,273,False
19,19,343,0,0,1,False,19,343,False,19,343,False,19,343,False,19,343,False
23,19,507,0,4,13,False,23,146,False,23,507,False,23,507,False,23,507,False
29,19,813,0,10,15,False,29,91,False,29,813,False,29,813,False,29,813,False
31,19,931,1,12,0,True,31,209,False,31,931,False,31,931,False,31,931,False
37,19,1333,0,18,3,False,37,250,False,37,1333,False,37,1333,False,37,1333,False
41,19,1641,0,3,7,False,41,197,False,41,1641,False,41,1641,False,41,1641,False
43,19,1807,0,5,2,False,43,2,False,43,1807,False,43,1807,False,43,1807,False
47,19,2163,0,9,16,False,47,358,False,47,2163,False,47,2163,False,47,2163,False
53,19,2757,0,15,2,False,53,230,False,53,2757,False,53,2757,False,53,2757,False
59,19,3423,0,2,3,False,59,174,False,59,3423,False,59,3423,False,59,3423,False
61,19,3661,0,4,13,False,61,51,False,61,3661,False,61,3661,False,61,3661,False
67,19,4423,0,10,15,False,67,91,False,67,4423,False,67,4423,False,67,4423,False
71,19,4971,0,14,12,False,71,278,False,71,4971,False,71,4971,False,71,4971,False
73,19,5257,0,16,13,False,73,203,False,73,5257,False,73,5257,False,73,5257,False
79,19,6163,0,3,7,False,79,26,False,79,6163,False,79,6163,False,79,6163,False
83,19,6807,0,7,5,False,83,309,False,83,6807,False,83,6807,False,83,6807,False
89,19,7833,0,13,5,False,89,252,False,89,974,False,89,7833,False,89,7833,False
97,19,9313,0,2,3,False,97,288,False,97,2454,False,97,9313,False,97,9313,False
101,19,10101,0,6,12,False,101,354,False,101,3242,False,101,10101,False,101,10101,False
103,19,10507,1,8,0,True,103,38,False,103,3648,False,103,10507,False,103,10507,False
107,19,11343,1,12,0,True,107,152,False,107,4484,False,107,11343,False,107,11343,False
109,19,11773,0,14,12,False,109,221,False,109,4914,False,109,11773,False,109,11773,False
113,19,12657,0,18,3,False,113,22,False,113,5798,False,113,12657,False,113,12657,False
127,19,16003,0,13,5,False,127,119,False,127,2285,False,127,16003,False,127,16003,False
131,19,17031,0,17,7,False,131,64,False,131,3313,False,131,17031,False,131,17031,False
137,19,18633,0,4,13,False,137,222,False,137,4915,False,137,18633,False,137,18633,False
139,19,19183,0,6,12,False,139,50,False,139,5465,False,139,19183,False,139,19183,False
149,19,22053,0,16,13,False,149,32,False,149,1476,False,149,22053,False,149,22053,False
151,19,22651,0,18,3,False,151,269,False,151,2074,False,151,22651,False,151,22651,False
157,19,24493,0,5,2,False,157,306,False,157,3916,False,157,24493,False,157,24493,False
163,19,26407,0,11,16,False,163,54,False,163,5830,False,163,26407,False,163,26407,False
167,19,27723,0,15,2,False,167,287,False,167,287,False,167,27723,False,167,27723,False
173,19,29757,0,2,3,False,173,155,False,173,2321,False,173,29757,False,173,29757,False
179,19,31863,1,8,0,True,179,95,False,179,4427,False,179,31863,False,179,31863,False
181,19,32581,0,10,15,False,181,91,False,181,5145,False,181,32581,False,181,32581,False
191,19,36291,0,1,1,False,191,191,False,191,1996,False,191,36291,False,191,36291,False
193,19,37057,0,3,7,False,193,235,False,193,2762,False,193,37057,False,193,37057,False
197,19,38613,0,7,5,False,197,347,False,197,4318,False,197,38613,False,197,38613,False
199,19,39403,0,9,16,False,199,54,False,199,5108,False,199,39403,False,199,39403,False
2,23,3,0,2,3,False,2,3,False,2,3,False,2,3,False,2,3,False
3,23,7,0,3,7,False,3,7,False,3,7,False,3,7,False,3,7,False
5,23,21,0,5,21,False,5,21,False,5,21,False,5,21,False,5,21,False
7,23,43,0,7,20,False,7,43,False,7,43,False,7,43,False,7,43,False
11,23,111,0,11,19,False,11,111,False,11,111,False,11,111,False,11,111,False
13,23,157,0,13,19,False,13,157,False,13,157,False,13,157,False,13,157,False
17,23,273,0,17,20,False,17,273,False,17,273,False,17,273,False,17,273,False
19,23,343,0,19,21,False,19,343,False,19,343,False,19,343,False,19,343,False
23,23,507,0,0,1,False,23,507,False,23,507,False,23,507,False,23,507,False
29,23,813,0,6,8,False,29,284,False,29,813,False,29,813,False,29,813,False
31,23,931,0,8,11,False,31,402,False,31,931,False,31,931,False,31,931,False
37,23,1333,0,14,22,False,37,275,False,37,1333,False,37,1333,False,37,1333,False
41,23,1641,0,18,8,False,41,54,False,41,1641,False,41,1641,False,41,1641,False
43,23,1807,0,20,13,False,43,220,False,43,1807,False,43,1807,False,43,1807,False
47,23,2163,0,1,1,False,47,47,False,47,2163,False,47,2163,False,47,2163,False
53,23,2757,0,7,20,False,53,112,False,53,2757,False,53,2757,False,53,2757,False
59,23,3423,0,13,19,False,59,249,False,59,3423,False,59,3423,False,59,3423,False
61,23,3661,0,15,4,False,61,487,False,61,3661,False,61,3661,False,61,3661,False
67,23,4423,0,21,7,False,67,191,False,67,4423,False,67,4423,False,67,4423,False
71,23,4971,0,2,3,False,71,210,False,71,4971,False,71,4971,False,71,4971,False
73,23,5257,0,4,13,False,73,496,False,73,5257,False,73,5257,False,73,5257,False
79,23,6163,0,10,22,False,79,344,False,79,6163,False,79,6163,False,79,6163,False
83,23,6807,0,14,22,False,83,459,False,83,6807,False,83,6807,False,83,6807,False
89,23,7833,0,20,13,False,89,427,False,89,7833,False,89,7833,False,89,7833,False
97,23,9313,0,5,21,False,97,320,False,97,9313,False,97,9313,False,97,9313,False
101,23,10101,0,9,4,False,101,50,False,101,10101,False,101,10101,False,101,10101,False
103,23,10507,0,11,19,False,103,456,False,103,10507,False,103,10507,False,103,10507,False
107,23,11343,0,15,4,False,107,234,False,107,11343,False,107,11343,False,107,11343,False
109,23,11773,0,17,20,False,109,135,False,109,11773,False,109,11773,False,109,11773,False
113,23,12657,0,21,7,False,113,490,False,113,490,False,113,12657,False,113,12657,False
127,23,16003,0,12,18,False,127,133,False,127,3836,False,127,16003,False,127,16003,False
131,23,17031,0,16,11,False,131,103,False,131,4864,False,131,17031,False,131,17031,False
137,23,18633,0,22,3,False,137,118,False,137,6466,False,137,18633,False,137,18633,False
139,23,19183,0,1,1,False,139,139,False,139,7016,False,139,19183,False,139,19183,False
149,23,22053,0,11,19,False,149,364,False,149,9886,False,149,22053,False,149,22053,False
151,23,22651,0,13,19,False,151,433,False,151,10484,False,151,22651,False,151,22651,False
157,23,24493,0,19,21,False,157,159,False,157,159,False,157,24493,False,157,24493,False
163,23,26407,0,2,3,False,163,486,False,163,2073,False,163,26407,False,163,26407,False
167,23,27723,0,6,8,False,167,215,False,167,3389,False,167,27723,False,167,27723,False
173,23,29757,0,12,18,False,173,133,False,173,5423,False,173,29757,False,173,29757,False
179,23,31863,0,18,8,False,179,123,False,179,7529,False,179,31863,False,179,31863,False
181,23,32581,0,20,13,False,181,312,False,181,8247,False,181,32581,False,181,32581,False
191,23,36291,0,7,20,False,191,319,False,191,11957,False,191,36291,False,191,36291,False
193,23,37057,0,9,4,False,193,27,False,193,556,False,193,37057,False,193,37057,False
197,23,38613,0,13,19,False,197,525,False,197,2112,False,197,38613,False,197,38613,False
199,23,39403,0,15,4,False,199,257,False,199,2902,False,199,39403,False,199,39403,False
2,29,3,0,2,3,False,2,3,False,2,3,False,2,3,False,2,3,False
3,29,7,0,3,7,False,3,7,False,3,7,False,3,7,False,3,7,False
5,29,21,0,5,21,False,5,21,False,5,21,False,5,21,False,5,21,False
7,29,43,0,7,14,False,7,43,False,7,43,False,7,43,False,7,43,False
11,29,111,0,11,24,False,11,111,False,11,111,False,11,111,False,11,111,False
13,29,157,0,13,12,False,13,157,False,13,157,False,13,157,False,13,157,False
17,29,273,0,17,12,False,17,273,False,17,273,False,17,273,False,17,273,False
19,29,343,0,19,24,False,19,343,False,19,343,False,19,343,False,19,343,False
23,29,507,0,23,14,False,23,507,False,23,507,False,23,507,False,23,507,False
29,29,813,0,0,1,False,29,813,False,29,813,False,29,813,False,29,813,False
31,29,931,0,2,3,False,31,90,False,31,931,False,31,931,False,31,931,False
37,29,1333,0,8,28,False,37,492,False,37,1333,False,37,1333,False,37,1333,False
41,29,1641,0,12,17,False,41,800,False,41,1641,False,41,1641,False,41,1641,False
43,29,1807,0,14,9,False,43,125,False,43,1807,False,43,1807,False,43,1807,False
47,29,2163,0,18,17,False,47,481,False,47,2163,False,47,2163,False,47,2163,False
53,29,2757,0,24,2,False,53,234,False,53,2757,False,53,2757,False,53,2757,False
59,29,3423,0,1,1,False,59,59,False,59,3423,False,59,3423,False,59,3423,False
61,29,3661,0,3,7,False,61,297,False,61,3661,False,61,3661,False,61,3661,False
67,29,4423,0,9,15,False,67,218,False,67,4423,False,67,4423,False,67,4423,False
71,29,4971,0,13,12,False,71,766,False,71,4971,False,71,4971,False,71,4971,False
73,29,5257,0,15,8,False,73,211,False,73,5257,False,73,5257,False,73,5257,False
79,29,6163,0,21,15,False,79,276,False,79,6163,False,79,6163,False,79,6163,False
83,29,6807,0,25,21,False,83,79,False,83,6807,False,83,6807,False,83,6807,False
89,29,7833,0,2,3,False,89,264,False,89,7833,False,89,7833,False,89,7833,False
97,29,9313,0,10,4,False,97,62,False,97,9313,False,97,9313,False,97,9313,False
101,29,10101,0,14,9,False,101,9,False,101,10101,False,101,10101,False,101,10101,False
103,29,10507,0,16,9,False,103,415,False,103,10507,False,103,10507,False,103,10507,False
107,29,11343,0,20,4,False,107,410,False,107,11343,False,107,11343,False,107,11343,False
109,29,11773,0,22,28,False,109,840,False,109,11773,False,109,11773,False,109,11773,False
113,29,12657,0,26,13,False,113,42,False,113,12657,False,113,12657,False,113,12657,False
127,29,16003,0,11,24,False,127,24,False,127,16003,False,127,16003,False,127,16003,False
131,29,17031,0,15,8,False,131,211,False,131,17031,False,131,17031,False,131,17031,False
137,29,18633,0,21,15,False,137,131,False,137,18633,False,137,18633,False,137,18633,False
139,29,19183,0,23,14,False,139,681,False,139,19183,False,139,19183,False,139,19183,False
149,29,22053,0,4,13,False,149,187,False,149,22053,False,149,22053,False,149,22053,False
151,29,22651,0,6,2,False,151,785,False,151,22651,False,151,22651,False,151,22651,False
157,29,24493,0,12,17,False,157,104,False,157,104,False,157,24493,False,157,24493,False
163,29,26407,0,18,17,False,163,336,False,163,2018,False,163,26407,False,163,26407,False
167,29,27723,0,22,28,False,167,811,False,167,3334,False,167,27723,False,167,27723,False
173,29,29757,0,28,3,False,173,322,False,173,5368,False,173,29757,False,173,29757,False
179,29,31863,0,5,21,False,179,746,False,179,7474,False,179,31863,False,179,31863,False
181,29,32581,0,7,14,False,181,623,False,181,8192,False,181,32581,False,181,32581,False
191,29,36291,0,17,12,False,191,128,False,191,11902,False,191,36291,False,191,36291,False
193,29,37057,0,19,24,False,193,53,False,193,12668,False,193,37057,False,193,37057,False
197,29,38613,0,23,14,False,197,768,False,197,14224,False,197,38613,False,197,38613,False
199,29,39403,0,25,21,False,199,717,False,199,15014,False,199,39403,False,199,39403,False
2,31,3,0,2,3,False,2,3,False,2,3,False,2,3,False,2,3,False
3,31,7,0,3,7,False,3,7,False,3,7,False,3,7,False,3,7,False
5,31,21,0,5,21,False,5,21,False,5,21,False,5,21,False,5,21,False
7,31,43,0,7,12,False,7,43,False,7,43,False,7,43,False,7,43,False
11,31,111,0,11,18,False,11,111,False,11,111,False,11,111,False,11,111,False
13,31,157,0,13,2,False,13,157,False,13,157,False,13,157,False,13,157,False
17,31,273,0,17,25,False,17,273,False,17,273,False,17,273,False,17,273,False
19,31,343,0,19,2,False,19,343,False,19,343,False,19,343,False,19,343,False
23,31,507,0,23,11,False,23,507,False,23,507,False,23,507,False,23,507,False
29,31,813,0,29,7,False,29,813,False,29,813,False,29,813,False,29,813,False
31,31,931,0,0,1,False,31,931,False,31,931,False,31,931,False,31,931,False
37,31,1333,1,6,0,True,37,372,False,37,1333,False,37,1333,False,37,1333,False
41,31,1641,0,10,29,False,41,680,False,41,1641,False,41,1641,False,41,1641,False
43,31,1807,0,12,9,False,43,846,False,43,1807,False,43,1807,False,43,1807,False
47,31,2163,0,16,24,False,47,241,False,47,2163,False,47,2163,False,47,2163,False
53,31,2757,0,22,29,False,53,835,False,53,2757,False,53,2757,False,53,2757,False
59,31,3423,0,28,13,False,59,540,False,59,3423,False,59,3423,False,59,3423,False
61,31,3661,0,30,3,False,61,778,False,61,3661,False,61,3661,False,61,3661,False
67,31,4423,0,5,21,False,67,579,False,67,4423,False,67,4423,False,67,4423,False
71,31,4971,0,9,11,False,71,166,False,71,4971,False,71,4971,False,71,4971,False
73,31,5257,0,11,18,False,73,452,False,73,5257,False,73,5257,False,73,5257,False
79,31,6163,0,17,25,False,79,397,False,79,6163,False,79,6163,False,79,6163,False
83,31,6807,0,21,18,False,83,80,False,83,6807,False,83,6807,False,83,6807,False
89,31,7833,0,27,21,False,89,145,False,89,7833,False,89,7833,False,89,7833,False
97,31,9313,0,4,13,False,97,664,False,97,9313,False,97,9313,False,97,9313,False
101,31,10101,0,8,26,False,101,491,False,101,10101,False,101,10101,False,101,10101,False
103,31,10507,0,10,29,False,103,897,False,103,10507,False,103,10507,False,103,10507,False
107,31,11343,0,14,28,False,107,772,False,107,11343,False,107,11343,False,107,11343,False
109,31,11773,0,16,24,False,109,241,False,109,11773,False,109,11773,False,109,11773,False
113,31,12657,0,20,9,False,113,164,False,113,12657,False,113,12657,False,113,12657,False
127,31,16003,0,3,7,False,127,627,False,127,16003,False,127,16003,False,127,16003,False
131,31,17031,0,7,12,False,131,694,False,131,17031,False,131,17031,False,131,17031,False
137,31,18633,0,13,2,False,137,374,False,137,18633,False,137,18633,False,137,18633,False
139,31,19183,0,15,25,False,139,924,False,139,19183,False,139,19183,False,139,19183,False
149,31,22053,0,25,12,False,149,911,False,149,22053,False,149,22053,False,149,22053,False
151,31,22651,0,27,21,False,151,548,False,151,22651,False,151,22651,False,151,22651,False
157,31,24493,0,2,3,False,157,468,False,157,24493,False,157,24493,False,157,24493,False
163,31,26407,0,8,26,False,163,460,False,163,26407,False,163,26407,False,163,26407,False
167,31,27723,0,12,9,False,167,815,False,167,27723,False,167,27723,False,167,27723,False
173,31,29757,0,18,28,False,173,927,False,173,29757,False,173,29757,False,173,29757,False
179,31,31863,0,24,26,False,179,150,False,179,2072,False,179,31863,False,179,31863,False
181,31,32581,1,26,0,True,181,868,False,181,2790,False,181,32581,False,181,32581,False
191,31,36291,0,5,21,False,191,734,False,191,6500,False,191,36291,False,191,36291,False
193,31,37057,0,7,12,False,193,539,False,193,7266,False,193,37057,False,193,37057,False
197,31,38613,0,11,18,False,197,173,False,197,8822,False,197,38613,False,197,38613,False
199,31,39403,0,13,2,False,199,2,False,199,9612,False,199,39403,False,199,39403,False
2,37,3,0,2,3,False,2,3,False,2,3,False,2,3,False,2,3,False
3,37,7,0,3,7,False,3,7,False,3,7,False,3,7,False,3,7,False
5,37,21,0,5,21,False,5,21,False,5,21,False,5,21,False,5,21,False
7,37,43,0,7,6,False,7,43,False,7,43,False,7,43,False,7,43,False
11,37,111,1,11,0,True,11,111,False,11,111,False,11,111,False,11,111,False
13,37,157,0,13,9,False,13,157,False,13,157,False,13,157,False,13,157,False
17,37,273,0,17,14,False,17,273,False,17,273,False,17,273,False,17,273,False
19,37,343,0,19,10,False,19,343,False,19,343,False,19,343,False,19,343,False
23,37,507,0,23,26,False,23,507,False,23,507,False,23,507,False,23,507,False
29,37,813,0,29,36,False,29,813,False,29,813,False,29,813,False,29,813,False
31,37,931,0,31,6,False,31,931,False,31,931,False,31,931,False,31,931,False
37,37,1333,0,0,1,False,37,1333,False,37,1333,False,37,1333,False,37,1333,False
41,37,1641,0,4,13,False,41,272,False,41,1641,False,41,1641,False,41,1641,False
43,37,1807,0,6,31,False,43,438,False,43,1807,False,43,1807,False,43,1807,False
47,37,2163,0,10,17,False,47,794,False,47,2163,False,47,2163,False,47,2163,False
53,37,2757,0,16,19,False,53,19,False,53,2757,False,53,2757,False,53,2757,False
59,37,3423,0,22,19,False,59,685,False,59,3423,False,59,3423,False,59,3423,False
61,37,3661,0,24,35,False,61,923,False,61,3661,False,61,3661,False,61,3661,False
67,37,4423,0,30,20,False,67,316,False,67,4423,False,67,4423,False,67,4423,False
71,37,4971,0,34,13,False,71,864,False,71,4971,False,71,4971,False,71,4971,False
73,37,5257,0,36,3,False,73,1150,False,73,5257,False,73,5257,False,73,5257,False
79,37,6163,0,5,21,False,79,687,False,79,6163,False,79,6163,False,79,6163,False
83,37,6807,0,9,36,False,83,1331,False,83,6807,False,83,6807,False,83,6807,False
89,37,7833,0,15,26,False,89,988,False,89,7833,False,89,7833,False,89,7833,False
97,37,9313,0,23,26,False,97,1099,False,97,9313,False,97,9313,False,97,9313,False
101,37,10101,1,27,0,True,101,518,False,101,10101,False,101,10101,False,101,10101,False
103,37,10507,0,29,36,False,103,924,False,103,10507,False,103,10507,False,103,10507,False
107,37,11343,0,33,21,False,107,391,False,107,11343,False,107,11343,False,107,11343,False
109,37,11773,0,35,7,False,109,821,False,109,11773,False,109,11773,False,109,11773,False
113,37,12657,0,2,3,False,113,336,False,113,12657,False,113,12657,False,113,12657,False
127,37,16003,0,16,19,False,127,944,False,127,16003,False,127,16003,False,127,16003,False
131,37,17031,0,20,11,False,131,603,False,131,17031,False,131,17031,False,131,17031,False
137,37,18633,0,26,22,False,137,836,False,137,18633,False,137,18633,False,137,18633,False
139,37,19183,0,28,17,False,139,17,False,139,19183,False,139,19183,False,139,19183,False
149,37,22053,0,1,1,False,149,149,False,149,22053,False,149,22053,False,149,22053,False
151,37,22651,0,3,7,False,151,747,False,151,22651,False,151,22651,False,151,22651,False
157,37,24493,0,9,36,False,157,1220,False,157,24493,False,157,24493,False,157,24493,False
163,37,26407,0,15,26,False,163,396,False,163,26407,False,163,26407,False,163,26407,False
167,37,27723,0,19,10,False,167,343,False,167,27723,False,167,27723,False,167,27723,False
173,37,29757,0,25,9,False,173,1008,False,173,29757,False,173,29757,False,173,29757,False
179,37,31863,0,31,6,False,179,376,False,179,31863,False,179,31863,False,179,31863,False
181,37,32581,0,33,21,False,181,1094,False,181,32581,False,181,32581,False,181,32581,False
191,37,36291,0,6,31,False,191,697,False,191,36291,False,191,36291,False,191,36291,False
193,37,37057,0,8,20,False,193,94,False,193,37057,False,193,37057,False,193,37057,False
197,37,38613,0,12,22,False,197,281,False,197,38613,False,197,38613,False,197,38613,False
199,37,39403,0,14,35,False,199,1071,False,199,39403,False,199,39403,False,199,39403,False
2,41,3,0,2,3,False,2,3,False,2,3,False,2,3,False,2,3,False
3,41,7,0,3,7,False,3,7,False,3,7,False,3,7,False,3,7,False
5,41,21,0,5,21,False,5,21,False,5,21,False,5,21,False,5,21,False
7,41,43,0,7,2,False,7,43,False,7,43,False,7,43,False,7,43,False
11,41,111,0,11,29,False,11,111,False,11,111,False,11,111,False,11,111,False
13,41,157,0,13,34,False,13,157,False,13,157,False,13,157,False,13,157,False
17,41,273,0,17,27,False,17,273,False,17,273,False,17,273,False,17,273,False
19,41,343,0,19,15,False,19,343,False,19,343,False,19,343,False,19,343,False
23,41,507,0,23,15,False,23,507,False,23,507,False,23,507,False,23,507,False
29,41,813,0,29,34,False,29,813,False,29,813,False,29,813,False,29,813,False
31,41,931,0,31,29,False,31,931,False,31,931,False,31,931,False,31,931,False
37,41,1333,0,37,21,False,37,1333,False,37,1333,False,37,1333,False,37,1333,False
41,41,1641,0,0,1,False,41,1641,False,41,1641,False,41,1641,False,41,1641,False
43,41,1807,0,2,3,False,43,126,False,43,1807,False,43,1807,False,43,1807,False
47,41,2163,0,6,31,False,47,482,False,47,2163,False,47,2163,False,47,2163,False
53,41,2757,0,12,10,False,53,1076,False,53,2757,False,53,2757,False,53,2757,False
59,41,3423,0,18,20,False,59,61,False,59,3423,False,59,3423,False,59,3423,False
61,41,3661,0,20,12,False,61,299,False,61,3661,False,61,3661,False,61,3661,False
67,41,4423,0,26,36,False,67,1061,False,67,4423,False,67,4423,False,67,4423,False
71,41,4971,0,30,10,False,71,1609,False,71,4971,False,71,4971,False,71,4971,False
73,41,5257,0,32,9,False,73,214,False,73,5257,False,73,5257,False,73,5257,False
79,41,6163,0,38,13,False,79,1120,False,79,6163,False,79,6163,False,79,6163,False
83,41,6807,0,1,1,False,83,83,False,83,6807,False,83,6807,False,83,6807,False
89,41,7833,0,7,2,False,89,1109,False,89,7833,False,89,7833,False,89,7833,False
97,41,9313,0,15,6,False,97,908,False,97,9313,False,97,9313,False,97,9313,False
101,41,10101,0,19,15,False,101,15,False,101,10101,False,101,10101,False,101,10101,False
103,41,10507,0,21,11,False,103,421,False,103,10507,False,103,10507,False,103,10507,False
107,41,11343,0,25,27,False,107,1257,False,107,11343,False,107,11343,False,107,11343,False
109,41,11773,0,27,6,False,109,6,False,109,11773,False,109,11773,False,109,11773,False
113,41,12657,0,31,29,False,113,890,False,113,12657,False,113,12657,False,113,12657,False
127,41,16003,0,4,13,False,127,874,False,127,16003,False,127,16003,False,127,16003,False
131,41,17031,0,8,16,False,131,221,False,131,17031,False,131,17031,False,131,17031,False
137,41,18633,0,14,19,False,137,142,False,137,18633,False,137,18633,False,137,18633,False
139,41,19183,0,16,36,False,139,692,False,139,19183,False,139,19183,False,139,19183,False
149,41,22053,0,26,36,False,149,200,False,149,22053,False,149,22053,False,149,22053,False
151,41,22651,0,28,19,False,151,798,False,151,22651,False,151,22651,False,151,22651,False
157,41,24493,0,34,16,False,157,959,False,157,24493,False,157,24493,False,157,24493,False
163,41,26407,0,40,3,False,163,1192,False,163,26407,False,163,26407,False,163,26407,False
167,41,27723,0,3,7,False,167,827,False,167,27723,False,167,27723,False,167,27723,False
173,41,29757,0,9,32,False,173,1180,False,173,29757,False,173,29757,False,173,29757,False
179,41,31863,0,15,6,False,179,1605,False,179,31863,False,179,31863,False,179,31863,False
181,41,32581,0,17,27,False,181,642,False,181,32581,False,181,32581,False,181,32581,False
191,41,36291,0,27,6,False,191,990,False,191,36291,False,191,36291,False,191,36291,False
193,41,37057,0,29,34,False,193,75,False,193,37057,False,193,37057,False,193,37057,False
197,41,38613,0,33,32,False,197,1631,False,197,38613,False,197,38613,False,197,38613,False
199,41,39403,0,35,2,False,199,740,False,199,39403,False,199,39403,False,199,39403,False
2,43,3,0,2,3,False,2,3,False,2,3,False,2,3,False,2,3,False
3,43,7,0,3,7,False,3,7,False,3,7,False,3,7,False,3,7,False
5,43,21,0,5,21,False,5,21,False,5,21,False,5,21,False,5,21,False
7,43,43,1,7,0,True,7,43,False,7,43,False,7,43,False,7,43,False
11,43,111,0,11,25,False,11,111,False,11,111,False,11,111,False,11,111,False
13,43,157,0,13,28,False,13,157,False,13,157,False,13,157,False,13,157,False
17,43,273,0,17,15,False,17,273,False,17,273,False,17,273,False,17,273,False
19,43,343,0,19,42,False,19,343,False,19,343,False,19,343,False,19,343,False
23,43,507,0,23,34,False,23,507,False,23,507,False,23,507,False,23,507,False
29,43,813,0,29,39,False,29,813,False,29,813,False,29,813,False,29,813,False
31,43,931,0,31,28,False,31,931,False,31,931,False,31,931,False,31,931,False
37,43,1333,1,37,0,True,37,1333,False,37,1333,False,37,1333,False,37,1333,False
41,43,1641,0,41,7,False,41,1641,False,41,1641,False,41,1641,False,41,1641,False
43,43,1807,0,0,1,False,43,1807,False,43,1807,False,43,1807,False,43,1807,False
47,43,2163,0,4,13,False,47,314,False,47,2163,False,47,2163,False,47,2163,False
53,43,2757,0,10,5,False,53,908,False,53,2757,False,53,2757,False,53,2757,False
59,43,3423,0,16,26,False,59,1574,False,59,3423,False,59,3423,False,59,3423,False
61,43,3661,0,18,6,False,61,1812,False,61,3661,False,61,3661,False,61,3661,False
67,43,4423,0,24,37,False,67,725,False,67,4423,False,67,4423,False,67,4423,False
71,43,4971,0,28,26,False,71,1273,False,71,4971,False,71,4971,False,71,4971,False
73,43,5257,0,30,11,False,73,1559,False,73,5257,False,73,5257,False,73,5257,False
79,43,6163,0,36,14,False,79,616,False,79,6163,False,79,6163,False,79,6163,False
83,43,6807,0,40,13,False,83,1260,False,83,6807,False,83,6807,False,83,6807,False
89,43,7833,0,3,7,False,89,437,False,89,7833,False,89,7833,False,89,7833,False
97,43,9313,0,11,25,False,97,68,False,97,9313,False,97,9313,False,97,9313,False
101,43,10101,0,15,39,False,101,856,False,101,10101,False,101,10101,False,101,10101,False
103,43,10507,0,17,15,False,103,1262,False,103,10507,False,103,10507,False,103,10507,False
107,43,11343,0,21,34,False,107,249,False,107,11343,False,107,11343,False,107,11343,False
109,43,11773,0,23,34,False,109,679,False,109,11773,False,109,11773,False,109,11773,False
113,43,12657,0,27,15,False,113,1563,False,113,12657,False,113,12657,False,113,12657,False
127,43,16003,0,41,7,False,127,1211,False,127,16003,False,127,16003,False,127,16003,False
131,43,17031,0,2,3,False,131,390,False,131,17031,False,131,17031,False,131,17031,False
137,43,18633,0,8,14,False,137,143,False,137,18633,False,137,18633,False,137,18633,False
139,43,19183,0,10,5,False,139,693,False,139,19183,False,139,19183,False,139,19183,False
149,43,22053,0,20,37,False,149,1714,False,149,22053,False,149,22053,False,149,22053,False
151,43,22651,0,22,33,False,151,463,False,151,22651,False,151,22651,False,151,22651,False
157,43,24493,0,28,26,False,157,456,False,157,24493,False,157,24493,False,157,24493,False
163,43,26407,0,34,5,False,163,521,False,163,26407,False,163,26407,False,163,26407,False
167,43,27723,0,38,31,False,167,1837,False,167,27723,False,167,27723,False,167,27723,False
173,43,29757,0,1,1,False,173,173,False,173,29757,False,173,29757,False,173,29757,False
179,43,31863,1,7,0,True,179,430,False,179,31863,False,179,31863,False,179,31863,False
181,43,32581,0,9,30,False,181,1148,False,181,32581,False,181,32581,False,181,32581,False
191,43,36291,0,19,42,False,191,1160,False,191,36291,False,191,36291,False,191,36291,False
193,43,37057,0,21,34,False,193,77,False,193,37057,False,193,37057,False,193,37057,False
197,43,38613,0,25,42,False,197,1633,False,197,38613,False,197,38613,False,197,38613,False
199,43,39403,0,27,15,False,199,574,False,199,39403,False,199,39403,False,199,39403,False
2,47,3,0,2,3,False,2,3,False,2,3,False,2,3,False,2,3,False
3,47,7,0,3,7,False,3,7,False,3,7,False,3,7,False,3,7,False
5,47,21,0,5,21,False,5,21,False,5,21,False,5,21,False,5,21,False
7,47,43,0,7,43,False,7,43,False,7,43,False,7,43,False,7,43,False
11,47,111,0,11,17,False,11,111,False,11,111,False,11,111,False,11,111,False
13,47,157,0,13,16,False,13,157,False,13,157,False,13,157,False,13,157,False
17,47,273,0,17,38,False,17,273,False,17,273,False,17,273,False,17,273,False
19,47,343,0,19,14,False,19,343,False,19,343,False,19,343,False,19,343,False
23,47,507,0,23,37,False,23,507,False,23,507,False,23,507,False,23,507,False
29,47,813,0,29,14,False,29,813,False,29,813,False,29,813,False,29,813,False
31,47,931,0,31,38,False,31,931,False,31,931,False,31,931,False,31,931,False
37,47,1333,0,37,17,False,37,1333,False,37,1333,False,37,1333,False,37,1333,False
41,47,1641,0,41,43,False,41,1641,False,41,1641,False,41,1641,False,41,1641,False
43,47,1807,0,43,21,False,43,1807,False,43,1807,False,43,1807,False,43,1807,False
47,47,2163,0,0,1,False,47,2163,False,47,2163,False,47,2163,False,47,2163,False
53,47,2757,0,6,31,False,53,548,False,53,2757,False,53,2757,False,53,2757,False
59,47,3423,0,12,39,False,59,1214,False,59,3423,False,59,3423,False,59,3423,False
61,47,3661,0,14,42,False,61,1452,False,61,3661,False,61,3661,False,61,3661,False
67,47,4423,0,20,5,False,67,5,False,67,4423,False,67,4423,False,67,4423,False
71,47,4971,0,24,36,False,71,553,False,71,4971,False,71,4971,False,71,4971,False
73,47,5257,0,26,40,False,73,839,False,73,5257,False,73,5257,False,73,5257,False
79,47,6163,0,32,6,False,79,1745,False,79,6163,False,79,6163,False,79,6163,False
83,47,6807,0,36,39,False,83,180,False,83,6807,False,83,6807,False,83,6807,False
89,47,7833,0,42,31,False,89,1206,False,89,7833,False,89,7833,False,89,7833,False
97,47,9313,0,3,7,False,97,477,False,97,9313,False,97,9313,False,97,9313,False
101,47,10101,0,7,43,False,101,1265,False,101,10101,False,101,10101,False,101,10101,False
103,47,10507,0,9,26,False,103,1671,False,103,10507,False,103,10507,False,103,10507,False
107,47,11343,0,13,16,False,107,298,False,107,11343,False,107,11343,False,107,11343,False
109,47,11773,0,15,23,False,109,728,False,109,11773,False,109,11773,False,109,11773,False
113,47,12657,0,19,14,False,113,1612,False,113,12657,False,113,12657,False,113,12657,False
127,47,16003,0,33,23,False,127,540,False,127,16003,False,127,16003,False,127,16003,False
131,47,17031,0,37,17,False,131,1568,False,131,17031,False,131,17031,False,131,17031,False
137,47,18633,0,43,21,False,137,961,False,137,18633,False,137,18633,False,137,18633,False
139,47,19183,0,45,7,False,139,1511,False,139,19183,False,139,19183,False,139,19183,False
149,47,22053,0,8,10,False,149,2172,False,149,22053,False,149,22053,False,149,22053,False
151,47,22651,0,10,44,False,151,561,False,151,22651,False,151,22651,False,151,22651,False
157,47,24493,0,16,6,False,157,194,False,157,24493,False,157,24493,False,157,24493,False
163,47,26407,0,22,40,False,163,2108,False,163,26407,False,163,26407,False,163,26407,False
167,47,27723,0,26,40,False,167,1215,False,167,27723,False,167,27723,False,167,27723,False
173,47,29757,0,32,6,False,173,1040,False,173,29757,False,173,29757,False,173,29757,False
179,47,31863,0,38,44,False,179,937,False,179,31863,False,179,31863,False,179,31863,False
181,47,32581,0,40,10,False,181,1655,False,181,32581,False,181,32581,False,181,32581,False
191,47,36291,0,3,7,False,191,947,False,191,36291,False,191,36291,False,191,36291,False
193,47,37057,0,5,21,False,193,1713,False,193,37057,False,193,37057,False,193,37057,False
197,47,38613,0,9,26,False,197,1060,False,197,38613,False,197,38613,False,197,38613,False
199,47,39403,0,11,17,False,199,1850,False,199,39403,False,199,39403,False,199,39403,False
